treat,age,education,black,hispanic,married,nodegree,re75,re78
1.0,37.0,11.0,1.0,0.0,1.0,1.0,0.0,9930.046
1.0,22.0,9.0,0.0,1.0,0.0,1.0,0.0,3595.894
1.0,30.0,12.0,1.0,0.0,0.0,0.0,0.0,24909.45
1.0,27.0,11.0,1.0,0.0,0.0,1.0,0.0,7506.146
1.0,33.0,8.0,1.0,0.0,0.0,1.0,0.0,289.7899
1.0,22.0,9.0,1.0,0.0,0.0,1.0,0.0,4056.494
1.0,23.0,12.0,1.0,0.0,0.0,0.0,0.0,0.0
1.0,32.0,11.0,1.0,0.0,0.0,1.0,0.0,8472.158
1.0,22.0,16.0,1.0,0.0,0.0,0.0,0.0,2164.022
1.0,33.0,12.0,0.0,0.0,1.0,0.0,0.0,12418.07
1.0,19.0,9.0,1.0,0.0,0.0,1.0,0.0,8173.908
1.0,21.0,13.0,1.0,0.0,0.0,0.0,0.0,17094.64
1.0,18.0,8.0,1.0,0.0,0.0,1.0,0.0,0.0
1.0,27.0,10.0,1.0,0.0,1.0,1.0,0.0,18739.93
1.0,17.0,7.0,1.0,0.0,0.0,1.0,0.0,3023.879
1.0,19.0,10.0,1.0,0.0,0.0,1.0,0.0,3228.503
1.0,27.0,13.0,1.0,0.0,0.0,0.0,0.0,14581.86
1.0,23.0,10.0,1.0,0.0,0.0,1.0,0.0,7693.4
1.0,40.0,12.0,1.0,0.0,0.0,0.0,0.0,10804.32
1.0,26.0,12.0,1.0,0.0,0.0,0.0,0.0,10747.35
1.0,23.0,11.0,1.0,0.0,0.0,1.0,0.0,0.0
1.0,41.0,14.0,0.0,0.0,0.0,0.0,0.0,5149.501
1.0,38.0,9.0,0.0,0.0,0.0,1.0,0.0,6408.95
1.0,24.0,11.0,1.0,0.0,0.0,1.0,0.0,1991.4
1.0,33.0,11.0,1.0,0.0,0.0,1.0,7867.916,6281.433
1.0,18.0,10.0,1.0,0.0,0.0,1.0,0.0,11163.17
1.0,29.0,11.0,1.0,0.0,1.0,1.0,0.0,9642.999
1.0,25.0,11.0,1.0,0.0,0.0,1.0,0.0,9897.049
1.0,27.0,10.0,0.0,1.0,0.0,1.0,0.0,11142.87
1.0,17.0,10.0,1.0,0.0,0.0,1.0,0.0,16218.04
1.0,24.0,11.0,1.0,0.0,0.0,1.0,0.0,995.7002
1.0,17.0,10.0,1.0,0.0,0.0,1.0,0.0,0.0
1.0,26.0,11.0,1.0,0.0,1.0,1.0,2754.646,26372.28
1.0,48.0,4.0,1.0,0.0,0.0,1.0,0.0,6551.592
1.0,25.0,11.0,1.0,0.0,1.0,1.0,0.0,1574.424
1.0,20.0,12.0,1.0,0.0,0.0,0.0,0.0,0.0
1.0,25.0,12.0,1.0,0.0,0.0,0.0,0.0,3191.753
1.0,42.0,14.0,1.0,0.0,0.0,0.0,0.0,20505.93
1.0,25.0,5.0,1.0,0.0,0.0,1.0,0.0,6181.88
1.0,23.0,12.0,1.0,0.0,1.0,0.0,0.0,5911.551
1.0,46.0,8.0,1.0,0.0,1.0,1.0,0.0,3094.156
1.0,24.0,10.0,1.0,0.0,0.0,1.0,0.0,0.0
1.0,21.0,12.0,1.0,0.0,0.0,0.0,0.0,1254.582
1.0,19.0,9.0,0.0,0.0,0.0,1.0,0.0,13188.83
1.0,17.0,8.0,1.0,0.0,0.0,1.0,0.0,8061.485
1.0,18.0,8.0,0.0,1.0,1.0,1.0,0.0,2787.96
1.0,20.0,11.0,1.0,0.0,0.0,1.0,0.0,3972.54
1.0,25.0,11.0,1.0,0.0,1.0,1.0,0.0,0.0
1.0,17.0,8.0,1.0,0.0,0.0,1.0,0.0,0.0
1.0,17.0,9.0,1.0,0.0,0.0,1.0,0.0,0.0
1.0,25.0,5.0,1.0,0.0,0.0,1.0,0.0,12187.41
1.0,23.0,12.0,1.0,0.0,0.0,0.0,0.0,4843.176
1.0,28.0,8.0,1.0,0.0,0.0,1.0,0.0,0.0
1.0,31.0,11.0,1.0,0.0,1.0,1.0,0.0,8087.487
1.0,18.0,11.0,1.0,0.0,0.0,1.0,0.0,0.0
1.0,25.0,12.0,1.0,0.0,0.0,0.0,0.0,2348.973
1.0,30.0,11.0,1.0,0.0,1.0,1.0,0.0,590.7818
1.0,17.0,10.0,1.0,0.0,0.0,1.0,0.0,0.0
1.0,37.0,9.0,1.0,0.0,0.0,1.0,0.0,1067.506
1.0,41.0,4.0,1.0,0.0,1.0,1.0,0.0,7284.986
1.0,42.0,14.0,1.0,0.0,1.0,0.0,0.0,13167.52
1.0,22.0,11.0,0.0,0.0,0.0,1.0,0.0,1048.432
1.0,17.0,8.0,1.0,0.0,0.0,1.0,0.0,0.0
1.0,29.0,8.0,1.0,0.0,0.0,1.0,0.0,1923.938
1.0,28.0,10.0,1.0,0.0,0.0,1.0,2836.506,3196.571
1.0,35.0,10.0,1.0,0.0,0.0,1.0,0.0,4666.236
1.0,27.0,11.0,1.0,0.0,0.0,1.0,0.0,549.2984
1.0,29.0,4.0,1.0,0.0,0.0,1.0,0.0,762.9146
1.0,28.0,9.0,1.0,0.0,0.0,1.0,0.0,10694.29
1.0,27.0,11.0,1.0,0.0,0.0,1.0,0.0,0.0
1.0,23.0,7.0,0.0,0.0,0.0,1.0,0.0,0.0
1.0,45.0,5.0,1.0,0.0,1.0,1.0,0.0,8546.715
1.0,29.0,13.0,1.0,0.0,0.0,0.0,0.0,7479.656
1.0,27.0,9.0,1.0,0.0,0.0,1.0,0.0,0.0
1.0,46.0,13.0,1.0,0.0,0.0,0.0,0.0,647.2046
1.0,18.0,6.0,1.0,0.0,0.0,1.0,0.0,0.0
1.0,25.0,12.0,1.0,0.0,0.0,0.0,0.0,11965.81
1.0,28.0,15.0,1.0,0.0,0.0,0.0,0.0,9598.541
1.0,31.0,9.0,1.0,0.0,0.0,1.0,1698.607,10363.27
1.0,25.0,11.0,0.0,0.0,0.0,1.0,0.0,18783.35
1.0,22.0,12.0,1.0,0.0,0.0,0.0,0.0,18678.08
1.0,28.0,11.0,1.0,0.0,0.0,1.0,1284.079,60307.93
1.0,21.0,9.0,1.0,0.0,0.0,1.0,0.0,0.0
1.0,40.0,11.0,1.0,0.0,0.0,1.0,0.0,23005.6
1.0,22.0,11.0,1.0,0.0,0.0,1.0,0.0,6456.697
1.0,25.0,12.0,1.0,0.0,0.0,0.0,0.0,0.0
1.0,27.0,9.0,1.0,0.0,1.0,1.0,934.4454,1773.423
1.0,23.0,10.0,1.0,0.0,1.0,1.0,936.4386,11233.26
1.0,29.0,10.0,1.0,0.0,0.0,1.0,4398.95,0.0
1.0,18.0,12.0,1.0,0.0,0.0,0.0,0.0,2321.107
1.0,38.0,12.0,0.0,0.0,0.0,0.0,0.0,4941.849
1.0,27.0,13.0,1.0,0.0,0.0,0.0,0.0,0.0
1.0,27.0,8.0,1.0,0.0,0.0,1.0,0.0,0.0
1.0,38.0,11.0,1.0,0.0,0.0,1.0,0.0,0.0
1.0,23.0,8.0,0.0,1.0,0.0,1.0,0.0,3881.284
1.0,26.0,11.0,1.0,0.0,0.0,1.0,0.0,17230.96
1.0,42.0,9.0,1.0,0.0,1.0,1.0,3058.531,1294.409
1.0,21.0,12.0,0.0,0.0,0.0,0.0,0.0,8048.603
1.0,25.0,8.0,1.0,0.0,0.0,1.0,0.0,0.0
1.0,31.0,11.0,1.0,0.0,1.0,1.0,0.0,14509.93
1.0,17.0,10.0,1.0,0.0,0.0,1.0,0.0,0.0
1.0,19.0,8.0,1.0,0.0,0.0,1.0,2657.057,9970.681
1.0,29.0,14.0,1.0,0.0,0.0,0.0,679.6734,17814.98
1.0,25.0,11.0,1.0,0.0,0.0,1.0,0.0,0.0
1.0,21.0,12.0,1.0,0.0,0.0,0.0,0.0,9983.784
1.0,44.0,11.0,1.0,0.0,0.0,1.0,0.0,0.0
1.0,19.0,10.0,1.0,0.0,0.0,1.0,385.2741,8124.715
1.0,25.0,12.0,0.0,0.0,0.0,0.0,0.0,5587.503
1.0,18.0,10.0,1.0,0.0,0.0,1.0,798.9079,9737.154
1.0,18.0,9.0,1.0,0.0,0.0,1.0,0.0,4482.845
1.0,19.0,9.0,1.0,0.0,0.0,1.0,798.9079,17685.18
1.0,18.0,9.0,1.0,0.0,0.0,1.0,3287.375,5010.342
1.0,26.0,11.0,1.0,0.0,1.0,1.0,1392.853,1460.36
1.0,42.0,12.0,1.0,0.0,0.0,0.0,0.0,2456.153
1.0,25.0,10.0,1.0,0.0,0.0,1.0,0.0,0.0
1.0,31.0,9.0,0.0,1.0,0.0,1.0,0.0,26817.6
1.0,24.0,10.0,1.0,0.0,0.0,1.0,0.0,0.0
1.0,26.0,10.0,1.0,0.0,0.0,1.0,0.0,9265.788
1.0,20.0,12.0,1.0,0.0,0.0,0.0,377.5686,1652.637
1.0,19.0,10.0,0.0,0.0,0.0,1.0,5324.109,13829.62
1.0,25.0,11.0,1.0,0.0,0.0,1.0,0.0,485.2298
1.0,23.0,8.0,0.0,0.0,1.0,1.0,1713.15,4232.309
1.0,31.0,12.0,0.0,0.0,0.0,0.0,2611.218,2484.549
1.0,18.0,11.0,1.0,0.0,0.0,1.0,0.0,4814.627
1.0,19.0,11.0,1.0,0.0,0.0,1.0,0.0,7458.105
1.0,43.0,9.0,1.0,0.0,0.0,1.0,0.0,0.0
1.0,27.0,13.0,1.0,0.0,0.0,0.0,0.0,34099.28
1.0,26.0,11.0,0.0,0.0,0.0,1.0,2226.266,13385.86
1.0,29.0,10.0,0.0,1.0,0.0,1.0,8853.674,5112.014
1.0,17.0,9.0,1.0,0.0,0.0,1.0,0.0,1953.268
1.0,30.0,11.0,1.0,0.0,0.0,1.0,0.0,0.0
1.0,17.0,10.0,1.0,0.0,0.0,1.0,156.9491,10641.24
1.0,20.0,12.0,0.0,0.0,1.0,0.0,8644.156,11656.51
1.0,17.0,9.0,1.0,0.0,0.0,1.0,375.1047,3621.707
1.0,18.0,12.0,1.0,0.0,0.0,0.0,562.657,0.0
1.0,21.0,11.0,0.0,1.0,0.0,1.0,1395.39,0.0
1.0,30.0,11.0,1.0,0.0,0.0,1.0,1913.034,0.0
1.0,18.0,11.0,0.0,1.0,0.0,1.0,5491.535,2454.5
1.0,20.0,12.0,1.0,0.0,0.0,0.0,9227.559,0.0
1.0,20.0,6.0,0.0,1.0,1.0,1.0,10802.98,4488.495
1.0,20.0,10.0,1.0,0.0,0.0,1.0,11073.09,0.0
1.0,25.0,8.0,1.0,0.0,0.0,1.0,37431.66,2346.828
1.0,17.0,9.0,0.0,0.0,0.0,1.0,1618.15,6011.021
1.0,18.0,10.0,0.0,1.0,0.0,1.0,2589.042,0.0
1.0,19.0,9.0,0.0,1.0,0.0,1.0,6511.124,7913.386
1.0,19.0,11.0,1.0,0.0,0.0,1.0,192.7995,661.1924
1.0,27.0,10.0,0.0,1.0,0.0,1.0,421.3024,3075.862
1.0,18.0,12.0,0.0,1.0,0.0,0.0,535.5533,1115.86
1.0,22.0,11.0,1.0,0.0,0.0,1.0,606.9609,317.8952
1.0,20.0,9.0,1.0,0.0,0.0,1.0,660.5159,12229.63
1.0,20.0,11.0,1.0,0.0,0.0,1.0,696.2192,0.0
1.0,18.0,10.0,1.0,0.0,0.0,1.0,699.7896,480.527
1.0,17.0,10.0,1.0,0.0,0.0,1.0,856.8864,3251.1
1.0,26.0,12.0,1.0,0.0,0.0,0.0,1088.907,11460.56
1.0,22.0,10.0,1.0,0.0,0.0,1.0,1071.108,7315.452
1.0,20.0,12.0,1.0,0.0,0.0,0.0,1160.366,702.1839
1.0,18.0,8.0,1.0,0.0,0.0,1.0,1199.641,0.0
1.0,18.0,9.0,1.0,0.0,0.0,1.0,1285.33,15369.48
1.0,18.0,10.0,1.0,0.0,0.0,1.0,1371.017,12064.41
1.0,19.0,10.0,1.0,0.0,0.0,1.0,1374.587,13278.97
1.0,18.0,9.0,0.0,1.0,0.0,1.0,1713.773,8836.566
1.0,17.0,10.0,0.0,1.0,0.0,1.0,2202.796,4387.057
1.0,19.0,11.0,1.0,0.0,0.0,1.0,1927.995,11965.81
1.0,27.0,11.0,1.0,0.0,1.0,1.0,2142.217,2186.189
1.0,19.0,10.0,1.0,0.0,0.0,1.0,3213.113,2975.031
1.0,19.0,9.0,0.0,1.0,0.0,1.0,3276.15,14271.23
1.0,27.0,10.0,1.0,0.0,0.0,1.0,3213.322,2094.119
1.0,21.0,11.0,1.0,0.0,1.0,1.0,4167.998,11300.24
1.0,29.0,10.0,1.0,0.0,1.0,1.0,4923.263,130.6791
1.0,34.0,11.0,0.0,1.0,0.0,1.0,4641.467,2877.682
1.0,25.0,10.0,0.0,0.0,0.0,1.0,4712.874,6103.746
1.0,31.0,13.0,0.0,0.0,0.0,0.0,5498.35,2329.867
1.0,41.0,9.0,1.0,0.0,1.0,1.0,5783.981,0.0
1.0,21.0,11.0,0.0,1.0,0.0,1.0,6658.562,9381.295
1.0,20.0,11.0,1.0,0.0,0.0,1.0,6426.646,16451.46
1.0,24.0,12.0,0.0,1.0,1.0,0.0,7212.11,6485.508
1.0,41.0,9.0,1.0,0.0,1.0,1.0,7212.12,3154.72
1.0,21.0,12.0,0.0,0.0,0.0,0.0,7390.634,3557.934
1.0,22.0,11.0,1.0,0.0,0.0,1.0,7497.752,668.7466
1.0,20.0,9.0,0.0,1.0,0.0,1.0,8015.442,5487.97
1.0,17.0,11.0,1.0,0.0,0.0,1.0,8497.436,9017.004
1.0,24.0,11.0,1.0,0.0,0.0,1.0,9180.92,0.0
1.0,23.0,12.0,1.0,0.0,1.0,0.0,15079.95,10283.49
1.0,23.0,10.0,1.0,0.0,0.0,1.0,15709.56,5665.066
1.0,26.0,11.0,0.0,0.0,0.0,1.0,22959.76,2746.614
1.0,21.0,13.0,1.0,0.0,0.0,0.0,24806.83,8803.666
1.0,18.0,10.0,1.0,0.0,1.0,1.0,1958.096,10989.93
1.0,22.0,10.0,1.0,0.0,0.0,1.0,653.9542,11134.98
1.0,17.0,10.0,1.0,0.0,0.0,1.0,1000.55,1433.531
1.0,20.0,7.0,1.0,0.0,0.0,1.0,1569.49,5518.083
1.0,17.0,9.0,1.0,0.0,0.0,1.0,1667.583,5594.729
1.0,23.0,11.0,1.0,0.0,0.0,1.0,1961.864,3689.126
1.0,32.0,10.0,1.0,0.0,0.0,1.0,2321.537,179.0217
1.0,19.0,12.0,1.0,0.0,0.0,0.0,2534.072,4551.979
1.0,30.0,10.0,1.0,0.0,0.0,1.0,2615.817,0.0
1.0,25.0,12.0,1.0,0.0,0.0,0.0,2746.608,2090.678
1.0,26.0,11.0,0.0,0.0,0.0,1.0,4676.457,1973.345
1.0,19.0,10.0,1.0,0.0,0.0,1.0,3473.808,5861.603
1.0,19.0,8.0,0.0,0.0,0.0,1.0,3416.907,9251.357
1.0,20.0,10.0,1.0,0.0,0.0,1.0,5100.839,13626.04
1.0,21.0,11.0,1.0,0.0,0.0,1.0,5310.107,7906.341
1.0,23.0,12.0,1.0,0.0,0.0,0.0,7841.972,7947.257
1.0,19.0,11.0,1.0,0.0,0.0,1.0,6409.027,11648.7
1.0,22.0,11.0,1.0,0.0,0.0,1.0,8774.791,18295.82
1.0,23.0,12.0,1.0,0.0,0.0,0.0,7782.042,14416.84
1.0,26.0,10.0,1.0,0.0,1.0,1.0,8141.703,4635.66
1.0,24.0,12.0,1.0,0.0,0.0,0.0,12982.34,0.0
1.0,18.0,10.0,0.0,1.0,0.0,1.0,12625.51,0.0
1.0,27.0,11.0,1.0,0.0,0.0,1.0,14223.5,7661.973
1.0,21.0,11.0,0.0,1.0,0.0,1.0,17983.71,15191.91
1.0,25.0,8.0,0.0,0.0,0.0,1.0,23096.65,6421.53
1.0,21.0,12.0,1.0,0.0,0.0,0.0,807.9511,4350.907
1.0,19.0,11.0,1.0,0.0,0.0,1.0,532.2536,0.0
1.0,18.0,11.0,1.0,0.0,0.0,1.0,851.6061,0.0
1.0,34.0,7.0,1.0,0.0,0.0,1.0,857.5195,0.0
1.0,21.0,11.0,0.0,0.0,0.0,1.0,946.2279,11412.24
1.0,25.0,9.0,1.0,0.0,0.0,1.0,1536.503,1709.342
1.0,17.0,9.0,1.0,0.0,0.0,1.0,1341.651,1374.066
1.0,28.0,8.0,1.0,0.0,0.0,1.0,1182.786,7779.263
1.0,18.0,9.0,1.0,0.0,0.0,1.0,1182.786,5100.469
1.0,27.0,12.0,1.0,0.0,0.0,0.0,4310.455,0.0
1.0,23.0,9.0,1.0,0.0,0.0,1.0,1774.18,11464.71
1.0,19.0,8.0,0.0,1.0,0.0,1.0,1862.889,8774.623
1.0,21.0,11.0,1.0,0.0,0.0,1.0,2158.585,0.0
1.0,21.0,11.0,1.0,0.0,0.0,1.0,2217.724,4082.37
1.0,23.0,10.0,1.0,0.0,0.0,1.0,2217.724,0.0
1.0,27.0,9.0,1.0,0.0,0.0,1.0,2294.605,2018.556
1.0,27.0,11.0,1.0,0.0,0.0,1.0,2483.852,0.0
1.0,23.0,12.0,0.0,0.0,0.0,0.0,3903.195,796.5597
1.0,27.0,8.0,1.0,0.0,0.0,1.0,7218.277,7976.932
1.0,28.0,11.0,1.0,0.0,1.0,1.0,6952.58,7318.186
1.0,25.0,12.0,1.0,0.0,0.0,0.0,5204.259,0.0
1.0,20.0,12.0,1.0,0.0,0.0,0.0,6085.421,9750.66
1.0,26.0,12.0,1.0,0.0,0.0,0.0,6608.803,5811.765
1.0,23.0,10.0,1.0,0.0,1.0,1.0,10495.08,3385.811
1.0,49.0,8.0,0.0,0.0,1.0,1.0,7285.948,16717.12
1.0,19.0,11.0,1.0,0.0,0.0,1.0,10224.37,11293.81
1.0,21.0,13.0,0.0,0.0,0.0,0.0,8616.852,99.57002
1.0,27.0,12.0,1.0,0.0,1.0,0.0,7806.387,2777.585
1.0,23.0,11.0,1.0,0.0,0.0,1.0,8959.589,1659.5
1.0,22.0,11.0,1.0,0.0,0.0,1.0,12170.94,8408.393
1.0,24.0,15.0,1.0,0.0,0.0,0.0,13008.5,14683.63
1.0,24.0,12.0,1.0,0.0,0.0,0.0,18154.06,0.0
1.0,18.0,11.0,1.0,0.0,0.0,1.0,214.5636,929.8839
1.0,17.0,10.0,1.0,0.0,0.0,1.0,5793.852,5522.788
1.0,17.0,9.0,1.0,0.0,0.0,1.0,1253.439,5445.2
1.0,28.0,11.0,1.0,0.0,0.0,1.0,6871.856,0.0
1.0,27.0,11.0,1.0,0.0,0.0,1.0,2666.274,0.0
1.0,19.0,11.0,1.0,0.0,0.0,1.0,2615.276,4146.603
1.0,18.0,11.0,0.0,0.0,0.0,1.0,919.5579,4321.705
1.0,24.0,10.0,1.0,0.0,0.0,1.0,2421.947,1660.508
1.0,23.0,12.0,1.0,0.0,0.0,0.0,3039.96,8484.239
1.0,21.0,9.0,1.0,0.0,0.0,1.0,5749.331,743.6666
1.0,21.0,12.0,1.0,0.0,0.0,0.0,3332.409,9371.037
1.0,24.0,9.0,1.0,0.0,0.0,1.0,2288.675,4849.559
1.0,20.0,9.0,0.0,1.0,0.0,1.0,5875.049,1358.643
1.0,25.0,13.0,1.0,0.0,0.0,0.0,3090.732,0.0
1.0,35.0,8.0,1.0,0.0,1.0,1.0,17976.15,3786.628
1.0,17.0,9.0,0.0,1.0,0.0,1.0,74.34345,6210.67
1.0,24.0,11.0,1.0,0.0,1.0,1.0,1666.113,4032.708
1.0,20.0,12.0,1.0,0.0,0.0,0.0,165.2077,0.0
1.0,21.0,8.0,1.0,0.0,0.0,1.0,3695.897,4279.613
1.0,18.0,10.0,1.0,0.0,0.0,1.0,1784.274,11141.39
1.0,27.0,12.0,1.0,0.0,0.0,0.0,357.9499,22163.25
1.0,22.0,9.0,1.0,0.0,0.0,1.0,3836.986,3462.564
1.0,46.0,8.0,1.0,0.0,0.0,1.0,2594.723,0.0
1.0,19.0,10.0,1.0,0.0,0.0,1.0,6056.754,0.0
1.0,19.0,11.0,0.0,1.0,1.0,1.0,5463.803,6788.463
1.0,22.0,12.0,1.0,0.0,0.0,0.0,936.1773,0.0
1.0,22.0,12.0,0.0,0.0,0.0,0.0,8455.504,12590.71
1.0,26.0,12.0,1.0,0.0,1.0,0.0,5794.831,1424.944
1.0,29.0,12.0,1.0,0.0,0.0,0.0,4878.937,10976.51
1.0,31.0,9.0,1.0,0.0,0.0,1.0,5517.841,9558.501
1.0,29.0,12.0,1.0,0.0,0.0,0.0,1817.284,0.0
1.0,35.0,9.0,1.0,0.0,1.0,1.0,13830.64,12803.97
1.0,25.0,12.0,1.0,0.0,0.0,0.0,2409.274,0.0
1.0,22.0,12.0,0.0,1.0,1.0,0.0,7055.702,10092.83
1.0,27.0,10.0,1.0,0.0,0.0,1.0,3550.075,0.0
1.0,22.0,10.0,1.0,0.0,1.0,1.0,5588.664,13228.28
1.0,19.0,8.0,1.0,0.0,0.0,1.0,2937.264,7535.942
1.0,20.0,11.0,1.0,0.0,0.0,1.0,1220.836,1085.44
1.0,21.0,12.0,0.0,0.0,0.0,0.0,334.0494,12558.02
1.0,27.0,12.0,1.0,0.0,1.0,0.0,334.0493,0.0
1.0,20.0,10.0,1.0,0.0,0.0,1.0,2777.355,5615.189
1.0,23.0,12.0,1.0,0.0,0.0,0.0,501.0741,671.3318
1.0,27.0,13.0,0.0,0.0,1.0,0.0,853.7225,0.0
1.0,23.0,12.0,0.0,1.0,0.0,0.0,1117.439,559.4432
1.0,24.0,12.0,1.0,0.0,0.0,0.0,2842.764,6167.681
1.0,20.0,11.0,1.0,0.0,0.0,1.0,1484.994,6943.342
1.0,26.0,10.0,1.0,0.0,0.0,1.0,6788.958,672.8773
1.0,25.0,14.0,1.0,0.0,1.0,0.0,11536.57,36646.95
1.0,26.0,10.0,1.0,0.0,1.0,1.0,0.0,0.0
1.0,20.0,9.0,1.0,0.0,0.0,1.0,0.0,8881.665
1.0,31.0,4.0,1.0,0.0,0.0,1.0,4023.211,7382.549
1.0,24.0,10.0,1.0,0.0,1.0,1.0,4078.152,0.0
1.0,33.0,11.0,1.0,0.0,1.0,1.0,25142.24,4181.942
1.0,33.0,12.0,1.0,0.0,1.0,0.0,10941.35,15952.6
0.0,23.0,10.0,1.0,0.0,0.0,1.0,0.0,0.0
0.0,26.0,12.0,0.0,0.0,0.0,0.0,0.0,12383.68
0.0,22.0,9.0,1.0,0.0,0.0,1.0,0.0,0.0
0.0,34.0,9.0,1.0,0.0,0.0,1.0,4368.413,14051.16
0.0,18.0,9.0,1.0,0.0,0.0,1.0,0.0,10740.08
0.0,45.0,11.0,1.0,0.0,0.0,1.0,0.0,11796.47
0.0,18.0,9.0,1.0,0.0,0.0,1.0,0.0,9227.052
0.0,27.0,12.0,1.0,0.0,0.0,0.0,2483.851,3552.268
0.0,24.0,8.0,0.0,0.0,0.0,1.0,0.0,10569.27
0.0,34.0,11.0,1.0,0.0,1.0,1.0,0.0,6040.335
0.0,20.0,13.0,1.0,0.0,0.0,0.0,8965.243,9199.563
0.0,24.0,4.0,0.0,1.0,0.0,1.0,0.0,3880.833
0.0,28.0,12.0,0.0,0.0,0.0,0.0,803.343,16477.02
0.0,21.0,10.0,1.0,0.0,0.0,1.0,922.5729,0.0
0.0,28.0,12.0,1.0,0.0,1.0,0.0,29009.11,10067.43
0.0,20.0,12.0,1.0,0.0,0.0,0.0,6004.728,4779.72
0.0,23.0,8.0,1.0,0.0,0.0,1.0,3403.056,0.0
0.0,21.0,11.0,1.0,0.0,1.0,1.0,7244.561,8976.826
0.0,36.0,10.0,1.0,0.0,0.0,1.0,0.0,0.0
0.0,18.0,12.0,0.0,0.0,0.0,0.0,735.2051,2502.526
0.0,21.0,14.0,1.0,0.0,0.0,0.0,0.0,5775.062
0.0,30.0,13.0,1.0,0.0,0.0,0.0,5569.761,0.0
0.0,26.0,11.0,0.0,1.0,0.0,1.0,1491.016,0.0
0.0,28.0,9.0,1.0,0.0,0.0,1.0,0.0,0.0
0.0,31.0,4.0,0.0,0.0,0.0,1.0,10711.08,0.0
0.0,18.0,12.0,1.0,0.0,0.0,0.0,642.6645,14444.71
0.0,27.0,7.0,1.0,0.0,1.0,1.0,0.0,0.0
0.0,19.0,11.0,0.0,0.0,0.0,1.0,0.0,0.0
0.0,20.0,8.0,1.0,0.0,0.0,1.0,0.0,0.0
0.0,28.0,8.0,1.0,0.0,0.0,1.0,10610.08,4623.188
0.0,34.0,12.0,1.0,0.0,0.0,0.0,0.0,2113.722
0.0,24.0,10.0,1.0,0.0,0.0,1.0,0.0,7618.639
0.0,24.0,9.0,1.0,0.0,0.0,1.0,0.0,16461.57
0.0,22.0,8.0,0.0,1.0,0.0,1.0,0.0,9920.945
0.0,25.0,11.0,1.0,0.0,0.0,1.0,0.0,4196.375
0.0,20.0,11.0,0.0,0.0,0.0,1.0,1177.118,8743.071
0.0,21.0,9.0,1.0,0.0,0.0,1.0,0.0,3343.224
0.0,19.0,12.0,1.0,0.0,0.0,0.0,2814.195,1720.907
0.0,39.0,9.0,1.0,0.0,0.0,1.0,0.0,0.0
0.0,19.0,9.0,1.0,0.0,1.0,1.0,0.0,16658.25
0.0,24.0,10.0,1.0,0.0,0.0,1.0,1307.908,0.0
0.0,44.0,9.0,1.0,0.0,0.0,1.0,0.0,9722.003
0.0,23.0,11.0,1.0,0.0,0.0,1.0,1896.023,5573.547
0.0,22.0,12.0,1.0,0.0,0.0,0.0,532.2536,1333.445
0.0,27.0,8.0,1.0,0.0,0.0,1.0,0.0,3783.66
0.0,27.0,11.0,1.0,0.0,1.0,1.0,1122.621,215.8348
0.0,18.0,9.0,1.0,0.0,0.0,1.0,1605.448,0.0
0.0,25.0,8.0,1.0,0.0,0.0,1.0,0.0,3515.929
0.0,31.0,10.0,1.0,0.0,0.0,1.0,0.0,17014.59
0.0,28.0,10.0,1.0,0.0,0.0,1.0,6567.329,5435.787
0.0,26.0,10.0,1.0,0.0,1.0,1.0,558.7734,0.0
0.0,30.0,8.0,1.0,0.0,0.0,1.0,1706.657,0.0
0.0,28.0,11.0,0.0,1.0,1.0,1.0,0.0,6771.622
0.0,34.0,10.0,1.0,0.0,1.0,1.0,0.0,0.0
0.0,21.0,7.0,0.0,1.0,0.0,1.0,0.0,0.0
0.0,33.0,12.0,1.0,0.0,0.0,0.0,0.0,5970.257
0.0,19.0,9.0,1.0,0.0,0.0,1.0,1778.089,7171.0
0.0,20.0,11.0,1.0,0.0,0.0,1.0,7967.209,0.0
0.0,18.0,10.0,0.0,1.0,0.0,1.0,0.0,1859.167
0.0,27.0,12.0,1.0,0.0,1.0,0.0,752.3901,0.0
0.0,26.0,12.0,1.0,0.0,1.0,0.0,0.0,6191.943
0.0,24.0,9.0,1.0,0.0,0.0,1.0,9662.67,0.0
0.0,31.0,12.0,1.0,0.0,0.0,0.0,0.0,7284.394
0.0,22.0,12.0,1.0,0.0,0.0,0.0,2158.05,0.0
0.0,28.0,14.0,1.0,0.0,0.0,0.0,6539.537,3123.116
0.0,35.0,10.0,1.0,0.0,0.0,1.0,0.0,445.8309
0.0,20.0,12.0,1.0,0.0,0.0,0.0,0.0,0.0
0.0,30.0,9.0,0.0,0.0,0.0,1.0,3141.917,1320.923
0.0,25.0,11.0,1.0,0.0,0.0,1.0,0.0,0.0
0.0,25.0,10.0,1.0,0.0,0.0,1.0,0.0,7367.04
0.0,35.0,11.0,1.0,0.0,0.0,1.0,0.0,0.0
0.0,22.0,8.0,1.0,0.0,0.0,1.0,6150.52,0.0
0.0,21.0,12.0,1.0,0.0,0.0,0.0,449.0479,0.0
0.0,20.0,10.0,1.0,0.0,0.0,1.0,0.0,2015.503
0.0,21.0,8.0,1.0,0.0,0.0,1.0,2237.208,1764.108
0.0,25.0,9.0,0.0,1.0,0.0,1.0,0.0,15791.13
0.0,24.0,10.0,0.0,1.0,0.0,1.0,3000.838,5350.038
0.0,33.0,11.0,1.0,0.0,0.0,1.0,2899.82,18859.89
0.0,21.0,9.0,1.0,0.0,0.0,1.0,12357.22,0.0
0.0,27.0,11.0,1.0,0.0,1.0,1.0,4491.884,0.0
0.0,27.0,10.0,1.0,0.0,0.0,1.0,0.0,1135.47
0.0,20.0,11.0,0.0,1.0,0.0,1.0,0.0,6378.72
0.0,25.0,13.0,1.0,0.0,0.0,0.0,10240.36,10020.72
0.0,18.0,11.0,1.0,0.0,0.0,1.0,645.2723,5497.591
0.0,26.0,11.0,1.0,0.0,0.0,1.0,0.0,7176.187
0.0,38.0,8.0,1.0,0.0,0.0,1.0,0.0,0.0
0.0,21.0,11.0,1.0,0.0,1.0,1.0,7652.12,8396.654
0.0,34.0,11.0,1.0,0.0,0.0,1.0,8912.484,5611.866
0.0,21.0,10.0,1.0,0.0,0.0,1.0,1162.362,39483.53
0.0,31.0,13.0,1.0,0.0,0.0,0.0,10393.61,7404.762
0.0,34.0,10.0,1.0,0.0,0.0,1.0,0.0,7952.54
0.0,25.0,11.0,1.0,0.0,0.0,1.0,3649.769,0.0
0.0,24.0,9.0,1.0,0.0,0.0,1.0,1275.356,8644.427
0.0,19.0,12.0,1.0,0.0,0.0,0.0,0.0,0.0
0.0,32.0,8.0,1.0,0.0,0.0,1.0,0.0,7152.132
0.0,20.0,9.0,0.0,1.0,0.0,1.0,0.0,8329.823
0.0,23.0,10.0,1.0,0.0,0.0,1.0,0.0,0.0
0.0,38.0,10.0,1.0,0.0,0.0,1.0,0.0,12429.91
0.0,24.0,11.0,1.0,0.0,0.0,1.0,0.0,0.0
0.0,19.0,10.0,0.0,1.0,0.0,1.0,1197.462,11223.72
0.0,23.0,11.0,1.0,0.0,0.0,1.0,0.0,5088.76
0.0,20.0,7.0,0.0,1.0,0.0,1.0,0.0,4374.04
0.0,25.0,10.0,1.0,0.0,1.0,1.0,9319.444,0.0
0.0,21.0,11.0,1.0,0.0,0.0,1.0,0.0,1553.291
0.0,25.0,10.0,1.0,0.0,0.0,1.0,0.0,0.0
0.0,22.0,11.0,1.0,0.0,1.0,1.0,0.0,1698.304
0.0,29.0,9.0,0.0,1.0,0.0,1.0,16341.16,16900.3
0.0,21.0,11.0,1.0,0.0,0.0,1.0,1862.889,11630.66
0.0,21.0,7.0,1.0,0.0,0.0,1.0,0.0,11011.57
0.0,23.0,11.0,1.0,0.0,0.0,1.0,0.0,0.0
0.0,20.0,12.0,1.0,0.0,0.0,0.0,1371.473,20893.11
0.0,21.0,11.0,0.0,1.0,0.0,1.0,8920.471,20857.84
0.0,26.0,12.0,1.0,0.0,0.0,0.0,7322.037,4677.049
0.0,24.0,12.0,0.0,0.0,0.0,0.0,0.0,11294.63
0.0,43.0,10.0,1.0,0.0,0.0,1.0,4128.443,7565.273
0.0,31.0,11.0,1.0,0.0,0.0,1.0,1726.445,0.0
0.0,22.0,11.0,1.0,0.0,0.0,1.0,2707.372,100.6998
0.0,29.0,11.0,1.0,0.0,0.0,1.0,0.0,0.0
0.0,24.0,11.0,1.0,0.0,0.0,1.0,0.0,14626.39
0.0,22.0,9.0,1.0,0.0,0.0,1.0,0.0,12898.38
0.0,19.0,11.0,1.0,0.0,0.0,1.0,8870.879,7396.292
0.0,28.0,11.0,1.0,0.0,0.0,1.0,0.0,5767.133
0.0,18.0,10.0,0.0,1.0,0.0,1.0,0.0,6527.919
0.0,18.0,9.0,1.0,0.0,0.0,1.0,2138.094,5767.704
0.0,26.0,10.0,1.0,0.0,0.0,1.0,0.0,3931.238
0.0,25.0,10.0,1.0,0.0,0.0,1.0,0.0,20942.24
0.0,26.0,12.0,1.0,0.0,0.0,0.0,8479.593,10820.55
0.0,23.0,11.0,1.0,0.0,0.0,1.0,29897.19,23483.45
0.0,20.0,8.0,0.0,1.0,0.0,1.0,1124.801,11731.2
0.0,24.0,10.0,1.0,0.0,0.0,1.0,0.0,0.0
0.0,27.0,13.0,1.0,0.0,0.0,0.0,8797.348,1653.481
0.0,26.0,5.0,1.0,0.0,0.0,1.0,0.0,0.0
0.0,37.0,10.0,1.0,0.0,0.0,1.0,8606.743,0.0
0.0,36.0,10.0,1.0,0.0,0.0,1.0,0.0,14690.35
0.0,22.0,11.0,1.0,0.0,0.0,1.0,0.0,0.0
0.0,22.0,9.0,1.0,0.0,0.0,1.0,506.4076,604.1987
0.0,25.0,12.0,1.0,0.0,0.0,0.0,0.0,3418.097
0.0,22.0,10.0,1.0,0.0,0.0,1.0,1765.676,0.0
0.0,27.0,11.0,1.0,0.0,0.0,1.0,0.0,11197.34
0.0,29.0,8.0,1.0,0.0,0.0,1.0,0.0,0.0
0.0,18.0,9.0,1.0,0.0,0.0,1.0,2006.629,6546.01
0.0,24.0,12.0,1.0,0.0,0.0,0.0,0.0,0.0
0.0,27.0,9.0,0.0,1.0,0.0,1.0,1596.762,6723.414
0.0,19.0,9.0,1.0,0.0,0.0,1.0,902.4565,1914.414
0.0,22.0,10.0,1.0,0.0,0.0,1.0,0.0,0.0
0.0,29.0,12.0,1.0,0.0,0.0,0.0,1359.347,132.76
0.0,30.0,11.0,1.0,0.0,1.0,1.0,9311.938,3982.801
0.0,22.0,7.0,1.0,0.0,0.0,1.0,13503.77,11607.09
0.0,24.0,7.0,1.0,0.0,0.0,1.0,0.0,1455.69
0.0,29.0,14.0,1.0,0.0,0.0,0.0,3357.185,7226.049
0.0,29.0,12.0,1.0,0.0,0.0,0.0,0.0,1890.937
0.0,22.0,11.0,1.0,0.0,0.0,1.0,1321.66,2639.29
0.0,25.0,11.0,0.0,1.0,1.0,1.0,0.0,4485.616
0.0,30.0,12.0,1.0,0.0,0.0,0.0,0.0,13613.35
0.0,22.0,8.0,1.0,0.0,0.0,1.0,0.0,1390.509
0.0,55.0,3.0,1.0,0.0,0.0,1.0,0.0,5843.796
0.0,35.0,10.0,1.0,0.0,0.0,1.0,9902.763,9453.827
0.0,20.0,10.0,1.0,0.0,0.0,1.0,0.0,8598.522
0.0,29.0,9.0,1.0,0.0,0.0,1.0,1203.824,9378.653
0.0,20.0,11.0,1.0,0.0,0.0,1.0,3470.389,7896.707
0.0,27.0,9.0,1.0,0.0,0.0,1.0,2129.016,0.0
0.0,28.0,10.0,1.0,0.0,1.0,1.0,6449.48,16988.18
0.0,20.0,11.0,1.0,0.0,0.0,1.0,2531.311,0.0
0.0,26.0,14.0,1.0,0.0,1.0,0.0,2025.566,0.0
0.0,19.0,8.0,0.0,1.0,0.0,1.0,1087.803,2987.101
0.0,34.0,11.0,1.0,0.0,0.0,1.0,0.0,2920.199
0.0,22.0,12.0,1.0,0.0,0.0,0.0,0.0,0.0
0.0,32.0,12.0,0.0,1.0,1.0,0.0,0.0,6735.32
0.0,19.0,11.0,1.0,0.0,0.0,1.0,1868.021,0.0
0.0,31.0,10.0,1.0,0.0,0.0,1.0,0.0,0.0
0.0,18.0,9.0,1.0,0.0,0.0,1.0,0.0,0.0
0.0,28.0,10.0,1.0,0.0,0.0,1.0,4479.587,128.672
0.0,32.0,12.0,1.0,0.0,0.0,0.0,12419.18,10673.7
0.0,50.0,10.0,0.0,1.0,0.0,1.0,0.0,0.0
0.0,20.0,12.0,1.0,0.0,0.0,0.0,591.8151,4159.919
0.0,25.0,11.0,1.0,0.0,1.0,1.0,0.0,44.75546
0.0,23.0,10.0,1.0,0.0,1.0,1.0,0.0,0.0
0.0,21.0,14.0,1.0,0.0,0.0,0.0,5926.795,29408.04
0.0,38.0,10.0,1.0,0.0,0.0,1.0,0.0,0.0
0.0,25.0,7.0,0.0,1.0,0.0,1.0,1177.118,9722.349
0.0,25.0,10.0,1.0,0.0,1.0,1.0,0.0,3701.812
0.0,29.0,12.0,1.0,0.0,0.0,0.0,2080.209,16969.95
0.0,42.0,10.0,1.0,0.0,0.0,1.0,0.0,6930.336
0.0,39.0,12.0,1.0,0.0,1.0,0.0,0.0,3795.799
0.0,27.0,11.0,1.0,0.0,1.0,1.0,20035.26,9074.764
0.0,34.0,13.0,1.0,0.0,1.0,0.0,0.0,5193.247
0.0,25.0,11.0,1.0,0.0,1.0,1.0,3266.406,479.2677
0.0,28.0,10.0,1.0,0.0,0.0,1.0,10068.4,0.0
0.0,24.0,7.0,1.0,0.0,0.0,1.0,0.0,2193.528
0.0,32.0,11.0,1.0,0.0,0.0,1.0,0.0,11120.53
0.0,27.0,13.0,1.0,0.0,0.0,0.0,0.0,7609.518
0.0,20.0,12.0,1.0,0.0,0.0,0.0,4932.215,6086.966
0.0,29.0,13.0,1.0,0.0,0.0,0.0,2265.579,2725.322
0.0,26.0,10.0,1.0,0.0,0.0,1.0,0.0,2169.027
0.0,44.0,11.0,1.0,0.0,0.0,1.0,0.0,0.0
0.0,24.0,9.0,1.0,0.0,0.0,1.0,4118.681,597.42
0.0,28.0,10.0,0.0,0.0,1.0,1.0,6346.193,6793.077
0.0,24.0,11.0,1.0,0.0,0.0,1.0,1327.993,9495.902
0.0,25.0,11.0,1.0,0.0,0.0,1.0,0.0,1264.232
0.0,25.0,8.0,1.0,0.0,1.0,1.0,515.8274,14281.31
0.0,23.0,11.0,1.0,0.0,0.0,1.0,5716.407,10274.84
0.0,20.0,11.0,1.0,0.0,0.0,1.0,1650.461,278.8751
0.0,24.0,12.0,1.0,0.0,0.0,0.0,8100.533,11235.11
0.0,20.0,11.0,0.0,0.0,1.0,1.0,8159.507,6336.783
0.0,25.0,12.0,1.0,0.0,0.0,0.0,0.0,0.0
0.0,28.0,11.0,1.0,0.0,0.0,1.0,863.4795,0.0
0.0,28.0,12.0,1.0,0.0,1.0,0.0,0.0,0.0
0.0,21.0,12.0,0.0,0.0,0.0,0.0,5440.815,11544.01
0.0,24.0,11.0,0.0,0.0,0.0,1.0,1468.383,10361.69
0.0,32.0,10.0,1.0,0.0,0.0,1.0,0.0,0.0
0.0,21.0,10.0,1.0,0.0,1.0,1.0,1785.18,6831.106
0.0,21.0,8.0,1.0,0.0,0.0,1.0,6608.304,3083.581
0.0,25.0,10.0,1.0,0.0,1.0,1.0,11696.37,11127.28
0.0,22.0,10.0,0.0,0.0,1.0,1.0,23031.98,5448.801
0.0,22.0,10.0,1.0,0.0,0.0,1.0,0.0,0.0
0.0,19.0,9.0,1.0,0.0,0.0,1.0,0.0,5712.643
0.0,31.0,10.0,1.0,0.0,1.0,1.0,0.0,0.0
0.0,23.0,11.0,1.0,0.0,0.0,1.0,0.0,0.0
0.0,22.0,11.0,1.0,0.0,0.0,1.0,875.2615,9139.652
0.0,33.0,11.0,1.0,0.0,0.0,1.0,0.0,0.0
0.0,27.0,10.0,1.0,0.0,0.0,1.0,0.0,1184.882
0.0,29.0,11.0,1.0,0.0,1.0,1.0,0.0,10225.88
0.0,38.0,10.0,1.0,0.0,1.0,1.0,14701.95,4393.523
0.0,20.0,6.0,1.0,0.0,0.0,1.0,2850.61,0.0
0.0,23.0,10.0,1.0,0.0,0.0,1.0,0.0,0.0
0.0,29.0,11.0,1.0,0.0,0.0,1.0,3256.165,3290.293
0.0,26.0,9.0,1.0,0.0,0.0,1.0,6955.054,11856.88
0.0,25.0,9.0,1.0,0.0,1.0,1.0,0.0,4715.371
0.0,24.0,11.0,1.0,0.0,0.0,1.0,13370.58,19533.88
0.0,25.0,10.0,1.0,0.0,0.0,1.0,0.0,289.7899
0.0,23.0,11.0,0.0,0.0,0.0,1.0,19995.64,12896.22
0.0,25.0,13.0,1.0,0.0,0.0,0.0,3751.048,1672.776
0.0,20.0,9.0,1.0,0.0,0.0,1.0,9164.449,8924.395
0.0,25.0,11.0,1.0,0.0,0.0,1.0,3072.726,284.6584
0.0,29.0,12.0,0.0,0.0,0.0,0.0,12205.14,16328.96
0.0,25.0,9.0,1.0,0.0,1.0,1.0,16946.63,7343.964
0.0,23.0,11.0,1.0,0.0,0.0,1.0,580.7901,0.0
0.0,44.0,9.0,1.0,0.0,1.0,1.0,10857.24,12359.31
0.0,22.0,12.0,1.0,0.0,1.0,0.0,9352.199,8072.181
0.0,20.0,11.0,0.0,0.0,0.0,1.0,1159.131,0.0
0.0,36.0,11.0,1.0,0.0,0.0,1.0,7311.561,0.0
0.0,24.0,10.0,1.0,0.0,0.0,1.0,0.0,0.0
0.0,28.0,8.0,0.0,0.0,0.0,1.0,0.0,8190.421
0.0,39.0,11.0,1.0,0.0,0.0,1.0,83.68964,0.0
0.0,27.0,12.0,0.0,1.0,0.0,0.0,24276.97,15762.88
0.0,31.0,10.0,1.0,0.0,0.0,1.0,520.4463,14527.88
0.0,26.0,6.0,1.0,0.0,0.0,1.0,0.0,4813.05
0.0,30.0,11.0,1.0,0.0,1.0,1.0,24105.39,7263.025
0.0,31.0,8.0,1.0,0.0,0.0,1.0,4577.68,6153.83
0.0,26.0,8.0,1.0,0.0,0.0,1.0,5562.598,3523.578
0.0,26.0,10.0,1.0,0.0,1.0,1.0,9107.431,12659.58
0.0,24.0,12.0,1.0,0.0,0.0,0.0,159.8847,0.0
0.0,25.0,11.0,1.0,0.0,0.0,1.0,2455.067,8764.148
0.0,29.0,9.0,1.0,0.0,0.0,1.0,9160.693,0.0
0.0,30.0,14.0,1.0,0.0,1.0,0.0,0.0,7344.678
0.0,25.0,10.0,1.0,0.0,1.0,1.0,0.0,0.0
0.0,41.0,12.0,1.0,0.0,0.0,0.0,9818.467,0.0
0.0,29.0,11.0,1.0,0.0,1.0,1.0,0.0,0.0
0.0,25.0,12.0,1.0,0.0,1.0,0.0,0.0,0.0
0.0,28.0,13.0,1.0,0.0,0.0,0.0,0.0,0.0
0.0,23.0,11.0,1.0,0.0,0.0,1.0,0.0,4350.907
0.0,54.0,11.0,1.0,0.0,0.0,1.0,0.0,7812.522
0.0,33.0,5.0,0.0,1.0,0.0,1.0,0.0,0.0
0.0,31.0,12.0,0.0,0.0,0.0,0.0,494.643,0.0
0.0,34.0,12.0,1.0,0.0,0.0,0.0,4087.214,5670.82
0.0,50.0,8.0,1.0,0.0,1.0,1.0,5630.05,8997.193
0.0,31.0,11.0,1.0,0.0,0.0,1.0,7505.213,308.3352
0.0,36.0,12.0,0.0,1.0,0.0,0.0,11491.95,4978.501
0.0,20.0,8.0,1.0,0.0,0.0,1.0,0.0,3644.655
0.0,24.0,12.0,0.0,0.0,1.0,0.0,24294.75,665.7374
0.0,23.0,12.0,0.0,1.0,0.0,0.0,8960.684,7078.178
0.0,26.0,13.0,0.0,0.0,0.0,0.0,5395.119,9766.2
0.0,28.0,11.0,0.0,0.0,0.0,1.0,3200.912,7645.055
0.0,45.0,9.0,1.0,0.0,0.0,1.0,0.0,4844.803
0.0,23.0,10.0,1.0,0.0,1.0,1.0,9854.153,0.0
0.0,28.0,11.0,1.0,0.0,0.0,1.0,13371.25,0.0
0.0,26.0,11.0,1.0,0.0,1.0,1.0,4184.732,0.0
0.0,22.0,10.0,1.0,0.0,0.0,1.0,2174.955,5344.021
0.0,27.0,13.0,0.0,0.0,0.0,0.0,474.5018,4812.576
0.0,27.0,12.0,0.0,1.0,0.0,0.0,2677.771,17395.17
0.0,39.0,6.0,1.0,0.0,0.0,1.0,0.0,0.0
0.0,25.0,11.0,1.0,0.0,0.0,1.0,0.0,0.0
0.0,31.0,11.0,1.0,0.0,0.0,1.0,18291.41,0.0
0.0,22.0,12.0,1.0,0.0,0.0,0.0,2003.68,439.6881
0.0,22.0,10.0,1.0,0.0,0.0,1.0,13732.98,10770.96
0.0,28.0,10.0,1.0,0.0,0.0,1.0,367.8234,4858.895
0.0,31.0,11.0,1.0,0.0,0.0,1.0,6382.587,0.0
0.0,27.0,10.0,1.0,0.0,1.0,1.0,11280.71,0.0
0.0,28.0,11.0,1.0,0.0,1.0,1.0,5393.895,4974.586
0.0,26.0,12.0,1.0,0.0,0.0,0.0,0.0,0.0
0.0,27.0,12.0,1.0,0.0,0.0,0.0,32984.25,10833.34
0.0,27.0,12.0,0.0,0.0,0.0,0.0,5035.444,0.0
0.0,36.0,12.0,1.0,0.0,0.0,0.0,142.3973,0.0
0.0,26.0,8.0,1.0,0.0,1.0,1.0,4084.258,0.0
0.0,23.0,9.0,1.0,0.0,1.0,1.0,19289.85,7600.104
0.0,23.0,10.0,1.0,0.0,0.0,1.0,0.0,0.0
0.0,31.0,12.0,1.0,0.0,0.0,0.0,5613.909,0.0
0.0,36.0,7.0,1.0,0.0,0.0,1.0,1606.662,20780.65
0.0,39.0,12.0,1.0,0.0,1.0,0.0,6608.137,499.2572
0.0,35.0,11.0,1.0,0.0,1.0,1.0,8720.905,0.0
0.0,21.0,9.0,0.0,0.0,0.0,1.0,1577.167,1740.199
0.0,36.0,11.0,0.0,1.0,0.0,1.0,3063.878,1324.542
0.0,27.0,12.0,0.0,0.0,0.0,0.0,0.0,14792.9
0.0,26.0,11.0,1.0,0.0,0.0,1.0,1174.991,6672.021
0.0,28.0,9.0,1.0,0.0,1.0,1.0,9210.447,1239.844
0.0,33.0,9.0,0.0,1.0,1.0,1.0,0.0,0.0
0.0,28.0,11.0,1.0,0.0,1.0,1.0,10033.91,0.0
0.0,22.0,11.0,1.0,0.0,0.0,1.0,6974.484,3708.719
0.0,25.0,11.0,1.0,0.0,0.0,1.0,4284.429,4116.702
0.0,25.0,10.0,1.0,0.0,1.0,1.0,0.0,0.0
0.0,27.0,11.0,1.0,0.0,0.0,1.0,766.2986,0.0
0.0,26.0,8.0,0.0,0.0,1.0,1.0,36941.27,30247.5
0.0,28.0,12.0,1.0,0.0,1.0,0.0,5551.456,12780.02
0.0,25.0,10.0,0.0,0.0,0.0,1.0,8140.402,3412.955
0.0,22.0,10.0,0.0,0.0,0.0,1.0,10598.67,7094.92
0.0,23.0,8.0,1.0,0.0,0.0,1.0,0.0,3746.701
0.0,20.0,12.0,0.0,0.0,0.0,0.0,3104.815,12573.97
0.0,19.0,11.0,1.0,0.0,0.0,1.0,3285.68,11195.93
0.0,17.0,9.0,0.0,1.0,0.0,1.0,671.2271,4209.579
0.0,19.0,11.0,1.0,0.0,0.0,1.0,5160.259,0.0
0.0,18.0,11.0,1.0,0.0,0.0,1.0,4152.609,4164.767
0.0,17.0,10.0,0.0,1.0,0.0,1.0,1239.628,5088.986
0.0,20.0,11.0,1.0,0.0,0.0,1.0,3248.937,6027.639
0.0,18.0,8.0,1.0,0.0,0.0,1.0,0.0,1568.15
0.0,20.0,10.0,1.0,0.0,0.0,1.0,3677.588,557.7499
0.0,18.0,11.0,1.0,0.0,0.0,1.0,2041.363,796.559
0.0,19.0,10.0,0.0,1.0,0.0,1.0,2275.368,4335.159
0.0,17.0,8.0,1.0,0.0,0.0,1.0,0.0,7010.444
0.0,17.0,10.0,0.0,1.0,0.0,1.0,1734.559,6354.194
0.0,18.0,10.0,1.0,0.0,0.0,1.0,2682.125,0.0
0.0,18.0,10.0,1.0,0.0,0.0,1.0,240.1067,2891.668
0.0,19.0,11.0,0.0,1.0,1.0,1.0,308.2192,0.0
0.0,18.0,11.0,1.0,0.0,0.0,1.0,8784.237,1824.377
0.0,19.0,11.0,1.0,0.0,0.0,1.0,1615.901,8823.059
0.0,19.0,10.0,1.0,0.0,0.0,1.0,963.9971,7047.08
0.0,19.0,9.0,0.0,1.0,0.0,1.0,0.0,3811.683
0.0,18.0,10.0,1.0,0.0,0.0,1.0,1642.365,0.0
0.0,18.0,10.0,1.0,0.0,0.0,1.0,0.0,9602.439
0.0,17.0,11.0,1.0,0.0,0.0,1.0,3796.029,0.0
0.0,18.0,6.0,0.0,1.0,0.0,1.0,6142.681,3825.308
0.0,19.0,11.0,1.0,0.0,0.0,1.0,2445.589,9772.283
0.0,18.0,8.0,0.0,1.0,0.0,1.0,0.0,10798.56
0.0,18.0,11.0,1.0,0.0,0.0,1.0,0.0,4657.273
0.0,17.0,11.0,1.0,0.0,0.0,1.0,0.0,8551.533
0.0,19.0,10.0,1.0,0.0,0.0,1.0,0.0,4309.878
0.0,19.0,10.0,1.0,0.0,0.0,1.0,0.0,5286.396
0.0,18.0,9.0,1.0,0.0,0.0,1.0,0.0,12486.17
0.0,18.0,10.0,1.0,0.0,0.0,1.0,2285.03,3268.938
0.0,18.0,11.0,1.0,0.0,0.0,1.0,2292.171,4994.227
0.0,18.0,10.0,1.0,0.0,0.0,1.0,273.5525,5514.365
0.0,18.0,9.0,0.0,1.0,0.0,1.0,2684.91,2978.669
0.0,18.0,9.0,1.0,0.0,0.0,1.0,0.0,10877.35
0.0,18.0,12.0,1.0,0.0,0.0,0.0,1405.512,0.0
0.0,18.0,9.0,0.0,1.0,0.0,1.0,1646.51,1065.672
0.0,19.0,11.0,1.0,0.0,0.0,1.0,393.8598,2481.518
0.0,18.0,7.0,0.0,1.0,1.0,1.0,2672.202,6330.888
0.0,19.0,11.0,0.0,0.0,0.0,1.0,823.2544,2649.599
0.0,18.0,8.0,0.0,1.0,0.0,1.0,2483.852,11135.53
0.0,17.0,8.0,1.0,0.0,0.0,1.0,1178.219,14380.17
0.0,18.0,10.0,1.0,0.0,0.0,1.0,0.0,202.2847
0.0,17.0,10.0,1.0,0.0,0.0,1.0,1726.439,11061.62
0.0,17.0,10.0,1.0,0.0,0.0,1.0,664.569,0.0
0.0,20.0,10.0,1.0,0.0,0.0,1.0,690.192,10864.88
0.0,18.0,10.0,1.0,0.0,0.0,1.0,1428.144,11602.94
0.0,19.0,11.0,1.0,0.0,0.0,1.0,705.1964,0.0
0.0,17.0,10.0,1.0,0.0,0.0,1.0,0.0,2657.705
0.0,18.0,7.0,1.0,0.0,0.0,1.0,0.0,4132.577
0.0,18.0,11.0,1.0,0.0,0.0,1.0,0.0,11303.14
0.0,20.0,9.0,1.0,0.0,0.0,1.0,2483.852,0.0
0.0,19.0,10.0,0.0,1.0,0.0,1.0,0.0,0.0
0.0,18.0,9.0,1.0,0.0,0.0,1.0,0.0,0.0
0.0,17.0,10.0,1.0,0.0,0.0,1.0,0.0,0.0
0.0,17.0,11.0,1.0,0.0,0.0,1.0,1156.797,6365.031
0.0,17.0,10.0,1.0,0.0,0.0,1.0,0.0,2189.426
0.0,18.0,9.0,1.0,0.0,0.0,1.0,490.4656,3480.847
0.0,19.0,11.0,1.0,0.0,0.0,1.0,0.0,0.0
0.0,17.0,8.0,0.0,0.0,0.0,1.0,0.0,10210.99
0.0,18.0,10.0,1.0,0.0,0.0,1.0,0.0,11048.08
0.0,18.0,9.0,1.0,0.0,0.0,1.0,0.0,0.0
0.0,17.0,9.0,1.0,0.0,0.0,1.0,2595.267,0.0
0.0,17.0,8.0,1.0,0.0,0.0,1.0,0.0,8993.865
0.0,17.0,8.0,1.0,0.0,0.0,1.0,2036.79,0.0
0.0,19.0,9.0,0.0,1.0,0.0,1.0,2750.841,15581.44
0.0,17.0,9.0,1.0,0.0,0.0,1.0,620.9627,18085.73
0.0,19.0,10.0,1.0,0.0,0.0,1.0,1428.144,4687.937
0.0,19.0,6.0,0.0,1.0,0.0,1.0,0.0,5071.801
0.0,20.0,11.0,1.0,0.0,0.0,1.0,1633.202,1310.727
0.0,19.0,10.0,0.0,0.0,0.0,1.0,0.0,3194.01
0.0,17.0,11.0,0.0,0.0,0.0,1.0,0.0,0.0
0.0,18.0,9.0,0.0,0.0,0.0,1.0,559.596,7300.498
0.0,20.0,11.0,1.0,0.0,0.0,1.0,7666.875,7659.218
0.0,20.0,10.0,1.0,0.0,0.0,1.0,2856.287,18347.26
0.0,20.0,9.0,1.0,0.0,0.0,1.0,0.0,5193.089
0.0,19.0,9.0,1.0,0.0,0.0,1.0,2642.067,2652.625
0.0,18.0,10.0,1.0,0.0,0.0,1.0,2456.994,13674.75
0.0,19.0,11.0,1.0,0.0,0.0,1.0,4503.064,0.0
0.0,17.0,9.0,1.0,0.0,0.0,1.0,0.0,0.0
0.0,18.0,9.0,1.0,0.0,0.0,1.0,1413.863,3475.52
0.0,17.0,11.0,1.0,0.0,0.0,1.0,165.2077,4251.127
0.0,17.0,10.0,1.0,0.0,0.0,1.0,0.0,275.5661
0.0,19.0,10.0,1.0,0.0,0.0,1.0,604.1539,0.0
0.0,17.0,10.0,0.0,1.0,0.0,1.0,1168.902,11306.27
0.0,20.0,9.0,1.0,0.0,0.0,1.0,9691.033,8562.603
0.0,17.0,9.0,1.0,0.0,0.0,1.0,0.0,3590.702
0.0,19.0,11.0,1.0,0.0,0.0,1.0,0.0,0.0
0.0,17.0,10.0,0.0,0.0,0.0,1.0,2465.613,4211.662
0.0,19.0,10.0,1.0,0.0,1.0,1.0,0.0,12797.67
0.0,20.0,9.0,1.0,0.0,0.0,1.0,0.0,2035.914
0.0,18.0,11.0,1.0,0.0,0.0,1.0,1170.327,604.2287
0.0,18.0,10.0,0.0,1.0,1.0,1.0,1922.625,4768.354
0.0,18.0,9.0,1.0,0.0,0.0,1.0,0.0,2389.679
0.0,18.0,11.0,1.0,0.0,0.0,1.0,0.0,0.0
0.0,20.0,10.0,1.0,0.0,0.0,1.0,2749.977,6867.741
0.0,17.0,10.0,0.0,1.0,0.0,1.0,0.0,8469.275
0.0,19.0,11.0,1.0,0.0,0.0,1.0,0.0,0.0
0.0,19.0,9.0,1.0,0.0,0.0,1.0,1537.929,4188.736
0.0,17.0,10.0,1.0,0.0,0.0,1.0,0.0,1143.387
0.0,20.0,11.0,1.0,0.0,0.0,1.0,8012.085,18155.83
0.0,17.0,8.0,1.0,0.0,0.0,1.0,768.8102,3020.948
0.0,18.0,8.0,0.0,0.0,0.0,1.0,1345.909,1725.592
0.0,20.0,10.0,1.0,0.0,0.0,1.0,825.2301,0.0
0.0,17.0,9.0,0.0,1.0,0.0,1.0,0.0,5114.814
0.0,17.0,9.0,1.0,0.0,0.0,1.0,1206.441,0.0
0.0,19.0,11.0,1.0,0.0,0.0,1.0,0.0,0.0
0.0,18.0,10.0,1.0,0.0,0.0,1.0,0.0,781.2243
0.0,44.0,13.0,0.0,0.0,1.0,0.0,0.0,0.0
0.0,34.0,12.0,0.0,0.0,1.0,0.0,0.0,0.0
0.0,46.0,6.0,1.0,0.0,1.0,1.0,0.0,0.0
0.0,45.0,7.0,1.0,0.0,1.0,1.0,0.0,11821.813
0.0,45.0,9.0,1.0,0.0,1.0,1.0,0.0,0.0
0.0,49.0,14.0,0.0,0.0,1.0,0.0,0.0,0.0
0.0,53.0,6.0,0.0,0.0,1.0,1.0,0.0,0.0
0.0,47.0,12.0,0.0,0.0,0.0,0.0,0.0,0.0
0.0,47.0,8.0,0.0,0.0,0.0,1.0,0.0,0.0
0.0,52.0,8.0,0.0,0.0,1.0,1.0,0.0,0.0
0.0,40.0,10.0,0.0,1.0,1.0,1.0,0.0,0.0
0.0,55.0,14.0,0.0,0.0,1.0,0.0,0.0,0.0
0.0,54.0,3.0,1.0,0.0,0.0,1.0,0.0,221.659
0.0,50.0,12.0,1.0,0.0,1.0,0.0,0.0,0.0
0.0,52.0,12.0,0.0,0.0,1.0,0.0,0.0,0.0
0.0,25.0,11.0,1.0,0.0,0.0,1.0,0.0,3694.3164
0.0,46.0,9.0,0.0,1.0,1.0,1.0,0.0,0.0
0.0,48.0,9.0,0.0,0.0,1.0,1.0,0.0,0.0
0.0,44.0,12.0,0.0,0.0,0.0,0.0,0.0,0.0
0.0,26.0,17.0,0.0,0.0,1.0,0.0,0.0,11821.813
0.0,51.0,5.0,1.0,0.0,0.0,1.0,0.0,0.0
0.0,34.0,16.0,0.0,0.0,1.0,0.0,0.0,11821.813
0.0,41.0,6.0,1.0,0.0,1.0,1.0,0.0,0.0
0.0,55.0,8.0,1.0,0.0,1.0,1.0,0.0,0.0
0.0,46.0,9.0,0.0,1.0,1.0,1.0,0.0,0.0
0.0,55.0,8.0,0.0,0.0,1.0,1.0,0.0,0.0
0.0,34.0,14.0,1.0,0.0,1.0,0.0,0.0,0.0
0.0,28.0,12.0,1.0,0.0,1.0,0.0,0.0,0.0
0.0,54.0,12.0,0.0,0.0,1.0,0.0,0.0,0.0
0.0,53.0,7.0,0.0,1.0,0.0,1.0,0.0,0.0
0.0,54.0,10.0,1.0,0.0,1.0,1.0,0.0,0.0
0.0,55.0,12.0,0.0,1.0,1.0,0.0,0.0,0.0
0.0,53.0,8.0,1.0,0.0,1.0,1.0,0.0,0.0
0.0,47.0,12.0,0.0,0.0,1.0,0.0,0.0,0.0
0.0,55.0,13.0,0.0,1.0,1.0,0.0,0.0,0.0
0.0,41.0,8.0,0.0,0.0,1.0,1.0,0.0,0.0
0.0,45.0,9.0,1.0,0.0,1.0,1.0,0.0,0.0
0.0,54.0,3.0,1.0,0.0,1.0,1.0,0.0,0.0
0.0,54.0,9.0,0.0,0.0,1.0,1.0,0.0,0.0
0.0,54.0,10.0,1.0,0.0,1.0,1.0,0.0,0.0
0.0,53.0,4.0,1.0,0.0,0.0,1.0,0.0,0.0
0.0,25.0,12.0,1.0,0.0,0.0,0.0,0.0,0.0
0.0,54.0,3.0,1.0,0.0,1.0,1.0,0.0,0.0
0.0,54.0,3.0,1.0,0.0,1.0,1.0,0.0,0.0
0.0,44.0,12.0,0.0,0.0,1.0,0.0,0.0,0.0
0.0,51.0,4.0,1.0,0.0,1.0,1.0,0.0,0.0
0.0,45.0,8.0,0.0,0.0,1.0,1.0,0.0,0.0
0.0,41.0,11.0,0.0,0.0,1.0,1.0,0.0,14481.72
0.0,23.0,11.0,1.0,0.0,0.0,1.0,0.0,0.0
0.0,50.0,12.0,1.0,0.0,1.0,0.0,0.0,0.0
0.0,23.0,11.0,1.0,0.0,0.0,1.0,0.0,0.0
0.0,23.0,12.0,1.0,0.0,0.0,0.0,0.0,4728.725
0.0,21.0,13.0,0.0,0.0,0.0,0.0,692.85486,2659.9077
0.0,21.0,15.0,0.0,0.0,0.0,0.0,3222.5806,14777.266
0.0,23.0,14.0,0.0,0.0,0.0,0.0,3401.6128,5319.816
0.0,27.0,17.0,0.0,0.0,0.0,0.0,6087.0967,7388.633
0.0,21.0,11.0,1.0,0.0,0.0,1.0,9846.774,5615.361
0.0,25.0,12.0,1.0,0.0,1.0,0.0,21483.871,1220.6022
0.0,43.0,3.0,1.0,0.0,1.0,1.0,0.0,0.0
0.0,52.0,6.0,1.0,0.0,1.0,1.0,1246.0645,1477.7266
0.0,54.0,8.0,0.0,0.0,1.0,1.0,537.09674,295.54532
0.0,52.0,7.0,1.0,0.0,0.0,1.0,5012.9033,0.0
0.0,24.0,12.0,1.0,0.0,0.0,0.0,0.0,10344.086
0.0,22.0,13.0,0.0,0.0,0.0,0.0,0.0,2305.2534
0.0,26.0,15.0,0.0,0.0,0.0,0.0,1879.8387,3250.9985
0.0,23.0,12.0,1.0,0.0,0.0,0.0,3222.5806,5910.9062
0.0,22.0,12.0,1.0,0.0,1.0,0.0,0.0,0.0
0.0,24.0,17.0,0.0,0.0,1.0,0.0,0.0,24825.807
0.0,20.0,10.0,0.0,0.0,0.0,1.0,3523.3547,9309.678
0.0,31.0,6.0,1.0,0.0,0.0,1.0,555.0,16059.932
0.0,27.0,16.0,0.0,0.0,1.0,0.0,1253.2258,4363.7266
0.0,23.0,10.0,1.0,0.0,0.0,1.0,5370.968,0.0
0.0,19.0,11.0,1.0,0.0,0.0,1.0,0.0,0.0
0.0,35.0,9.0,1.0,0.0,0.0,1.0,5370.968,5910.9062
0.0,21.0,15.0,0.0,0.0,0.0,0.0,9667.742,4137.6343
0.0,21.0,12.0,1.0,0.0,0.0,0.0,5460.484,1152.6267
0.0,22.0,12.0,1.0,0.0,1.0,0.0,2470.6453,0.0
0.0,23.0,13.0,0.0,0.0,1.0,0.0,5370.968,11378.495
0.0,20.0,12.0,1.0,0.0,0.0,0.0,4475.8066,17732.719
0.0,19.0,14.0,0.0,0.0,0.0,0.0,3222.5806,0.0
0.0,55.0,7.0,0.0,0.0,0.0,1.0,8342.903,0.0
0.0,40.0,4.0,1.0,0.0,0.0,1.0,1933.5483,1034.4086
0.0,52.0,0.0,0.0,0.0,1.0,1.0,0.0,295.54532
0.0,22.0,9.0,1.0,0.0,0.0,1.0,4345.113,13299.539
0.0,24.0,10.0,1.0,0.0,0.0,1.0,3902.9033,7447.7417
0.0,23.0,15.0,0.0,0.0,1.0,0.0,2506.4517,9974.654
0.0,19.0,6.0,1.0,0.0,0.0,1.0,0.0,0.0
0.0,27.0,15.0,0.0,0.0,1.0,0.0,4654.839,19210.445
0.0,27.0,12.0,1.0,0.0,1.0,0.0,1994.4194,17732.719
0.0,43.0,10.0,1.0,0.0,1.0,1.0,2148.3872,0.0
0.0,30.0,6.0,1.0,0.0,1.0,1.0,3401.6128,4433.1797
0.0,27.0,15.0,0.0,0.0,1.0,0.0,0.0,0.0
0.0,19.0,10.0,1.0,0.0,0.0,1.0,3437.4194,2364.3625
0.0,20.0,12.0,0.0,0.0,0.0,0.0,716.129,0.0
0.0,52.0,12.0,0.0,0.0,1.0,0.0,0.0,0.0
0.0,44.0,11.0,1.0,0.0,0.0,1.0,6266.129,0.0
0.0,24.0,11.0,1.0,0.0,1.0,1.0,0.0,1329.9539
0.0,38.0,10.0,1.0,0.0,1.0,1.0,0.0,0.0
0.0,24.0,16.0,0.0,0.0,1.0,0.0,4833.871,33987.71
0.0,24.0,9.0,1.0,0.0,0.0,1.0,5370.968,13299.539
0.0,32.0,11.0,1.0,0.0,1.0,1.0,0.0,930.9677
0.0,22.0,13.0,0.0,0.0,0.0,0.0,6266.129,17363.287
0.0,45.0,8.0,1.0,0.0,1.0,1.0,9537.049,9408.686
0.0,21.0,14.0,0.0,0.0,1.0,0.0,11407.935,17141.629
0.0,29.0,10.0,0.0,0.0,1.0,1.0,0.0,0.0
0.0,54.0,12.0,0.0,0.0,1.0,0.0,0.0,0.0
0.0,33.0,13.0,0.0,0.0,0.0,0.0,3580.6453,16254.992
0.0,28.0,12.0,0.0,0.0,1.0,0.0,4475.8066,15663.902
0.0,22.0,11.0,1.0,0.0,1.0,1.0,5012.9033,3694.3164
0.0,27.0,11.0,1.0,0.0,1.0,1.0,5370.968,7388.633
0.0,19.0,12.0,0.0,1.0,1.0,0.0,12532.258,13299.539
0.0,22.0,11.0,0.0,0.0,1.0,1.0,13964.516,15072.811
0.0,21.0,11.0,1.0,0.0,1.0,1.0,4848.1934,8570.814
0.0,24.0,12.0,1.0,0.0,1.0,0.0,15416.468,8335.855
0.0,54.0,6.0,1.0,0.0,1.0,1.0,0.0,0.0
0.0,29.0,12.0,0.0,0.0,1.0,0.0,5908.0645,14481.72
0.0,22.0,12.0,0.0,0.0,1.0,0.0,9939.871,15486.575
0.0,23.0,9.0,0.0,0.0,1.0,1.0,0.0,14777.266
0.0,24.0,12.0,0.0,0.0,1.0,0.0,2864.516,2216.5898
0.0,20.0,13.0,0.0,1.0,0.0,0.0,0.0,8275.269
0.0,26.0,12.0,0.0,0.0,1.0,0.0,0.0,13299.539
0.0,27.0,12.0,1.0,0.0,1.0,0.0,0.0,11821.813
0.0,38.0,7.0,0.0,0.0,1.0,1.0,5370.968,11821.813
0.0,33.0,12.0,1.0,0.0,0.0,0.0,8951.613,0.0
0.0,29.0,12.0,1.0,0.0,1.0,0.0,12532.258,19210.445
0.0,23.0,11.0,1.0,0.0,1.0,1.0,6266.129,10344.086
0.0,39.0,11.0,1.0,0.0,1.0,1.0,11637.097,7260.071
0.0,22.0,12.0,0.0,0.0,0.0,0.0,15754.839,19949.309
0.0,32.0,10.0,1.0,0.0,0.0,1.0,8951.613,0.0
0.0,47.0,8.0,0.0,1.0,1.0,1.0,7161.2905,1477.7266
0.0,23.0,16.0,0.0,0.0,1.0,0.0,26854.84,11821.813
0.0,31.0,9.0,1.0,0.0,1.0,1.0,8951.613,5910.9062
0.0,22.0,11.0,1.0,0.0,0.0,1.0,5191.9355,9605.223
0.0,26.0,12.0,1.0,0.0,1.0,0.0,1074.1935,8866.359
0.0,23.0,12.0,1.0,0.0,1.0,0.0,7812.968,14777.266
0.0,31.0,8.0,0.0,0.0,1.0,1.0,19335.484,20688.172
0.0,19.0,12.0,0.0,0.0,1.0,0.0,14143.548,24338.156
0.0,37.0,12.0,0.0,0.0,1.0,0.0,11372.129,8866.359
0.0,33.0,6.0,1.0,0.0,1.0,1.0,5958.1934,9788.461
0.0,43.0,12.0,0.0,0.0,1.0,0.0,0.0,295.54532
0.0,34.0,11.0,1.0,0.0,0.0,1.0,2148.3872,15516.129
0.0,28.0,16.0,0.0,0.0,0.0,0.0,6445.161,0.0
0.0,46.0,10.0,0.0,0.0,1.0,1.0,7161.2905,10166.759
0.0,25.0,9.0,1.0,0.0,0.0,1.0,7161.2905,6649.7695
0.0,46.0,10.0,0.0,0.0,1.0,1.0,7161.2905,10166.759
0.0,53.0,2.0,0.0,0.0,1.0,1.0,8593.549,0.0
0.0,53.0,12.0,0.0,0.0,1.0,0.0,9893.322,5172.043
0.0,39.0,10.0,1.0,0.0,0.0,1.0,12532.258,25248.436
0.0,28.0,16.0,0.0,0.0,1.0,0.0,15217.742,20688.172
0.0,51.0,8.0,0.0,0.0,1.0,1.0,1546.8387,0.0
0.0,27.0,12.0,0.0,0.0,1.0,0.0,23274.193,26599.078
0.0,53.0,8.0,0.0,0.0,1.0,1.0,0.0,7240.8604
0.0,37.0,11.0,0.0,0.0,1.0,1.0,0.0,0.0
0.0,19.0,13.0,0.0,0.0,1.0,0.0,19693.549,28815.668
0.0,50.0,6.0,1.0,0.0,1.0,1.0,4092.6775,0.0
0.0,29.0,16.0,0.0,0.0,1.0,0.0,5370.968,17732.719
0.0,42.0,13.0,0.0,0.0,1.0,0.0,0.0,33987.71
0.0,22.0,12.0,1.0,0.0,1.0,0.0,0.0,664.977
0.0,47.0,12.0,0.0,0.0,1.0,0.0,0.0,12560.676
0.0,26.0,12.0,0.0,0.0,1.0,0.0,716.129,22904.762
0.0,19.0,11.0,0.0,0.0,1.0,1.0,6416.516,27781.26
0.0,39.0,7.0,0.0,0.0,1.0,1.0,6624.1934,0.0
0.0,46.0,8.0,1.0,0.0,1.0,1.0,7089.6772,0.0
0.0,21.0,10.0,0.0,0.0,1.0,1.0,14080.887,7249.7266
0.0,52.0,8.0,0.0,0.0,1.0,1.0,14322.581,8748.142
0.0,28.0,6.0,0.0,0.0,1.0,1.0,6395.032,10048.541
0.0,53.0,5.0,1.0,0.0,1.0,1.0,2660.4194,11082.949
0.0,54.0,8.0,0.0,1.0,1.0,1.0,0.0,8866.359
0.0,54.0,8.0,0.0,1.0,1.0,1.0,0.0,8866.359
0.0,51.0,8.0,0.0,0.0,1.0,1.0,21752.42,0.0
0.0,37.0,13.0,0.0,0.0,1.0,0.0,8951.613,17732.719
0.0,26.0,16.0,0.0,0.0,1.0,0.0,11637.097,20688.172
0.0,27.0,12.0,1.0,0.0,1.0,0.0,13427.419,14079.779
0.0,27.0,9.0,0.0,0.0,1.0,1.0,16470.969,15516.129
0.0,19.0,11.0,1.0,0.0,0.0,1.0,10741.935,0.0
0.0,46.0,12.0,0.0,0.0,1.0,0.0,734.0323,20688.172
0.0,49.0,8.0,0.0,1.0,0.0,1.0,1074.1935,0.0
0.0,21.0,13.0,0.0,0.0,0.0,0.0,4946.661,1733.3733
0.0,25.0,11.0,1.0,0.0,0.0,1.0,6982.2583,13890.63
0.0,23.0,11.0,1.0,0.0,1.0,1.0,8414.516,8866.359
0.0,37.0,12.0,0.0,0.0,1.0,0.0,8951.613,28076.805
0.0,37.0,12.0,0.0,0.0,1.0,0.0,8951.613,28076.805
0.0,18.0,10.0,0.0,1.0,1.0,1.0,10741.935,20688.172
0.0,54.0,12.0,0.0,0.0,1.0,0.0,25064.516,0.0
0.0,54.0,12.0,0.0,0.0,1.0,0.0,25064.516,0.0
0.0,41.0,7.0,1.0,0.0,1.0,1.0,32225.807,11082.949
0.0,51.0,8.0,1.0,0.0,1.0,1.0,5800.645,0.0
0.0,53.0,4.0,1.0,0.0,1.0,1.0,984.6774,0.0
0.0,45.0,4.0,0.0,1.0,1.0,1.0,28108.064,28076.805
0.0,25.0,12.0,0.0,0.0,1.0,0.0,12181.355,17732.719
0.0,27.0,15.0,0.0,0.0,0.0,0.0,23274.193,23643.625
0.0,26.0,12.0,0.0,0.0,0.0,0.0,23274.193,2955.4531
0.0,33.0,11.0,1.0,0.0,1.0,1.0,15844.355,14753.622
0.0,42.0,8.0,1.0,0.0,0.0,1.0,10562.903,0.0
0.0,46.0,10.0,0.0,1.0,1.0,1.0,10741.935,5910.9062
0.0,28.0,14.0,1.0,0.0,1.0,0.0,12532.258,16254.992
0.0,28.0,12.0,0.0,0.0,0.0,0.0,5012.9033,16240.215
0.0,46.0,3.0,1.0,0.0,1.0,1.0,14322.581,19949.309
0.0,37.0,12.0,1.0,0.0,1.0,0.0,16112.903,32509.984
0.0,43.0,12.0,0.0,0.0,1.0,0.0,17903.227,26155.76
0.0,26.0,12.0,0.0,1.0,1.0,0.0,0.0,13299.539
0.0,49.0,4.0,0.0,0.0,1.0,1.0,7161.2905,2955.4531
0.0,22.0,14.0,0.0,0.0,1.0,0.0,17616.773,17289.4
0.0,21.0,12.0,1.0,0.0,0.0,0.0,716.129,22165.898
0.0,25.0,12.0,1.0,0.0,1.0,0.0,5370.968,24642.568
0.0,24.0,16.0,0.0,0.0,1.0,0.0,12890.323,31032.258
0.0,45.0,14.0,0.0,0.0,1.0,0.0,13606.452,17732.719
0.0,20.0,12.0,1.0,0.0,1.0,0.0,16709.08,12708.449
0.0,30.0,12.0,0.0,0.0,1.0,0.0,21483.871,29554.531
0.0,53.0,10.0,1.0,0.0,1.0,1.0,15502.403,13299.539
0.0,50.0,7.0,0.0,0.0,1.0,1.0,14322.581,0.0
0.0,30.0,12.0,0.0,0.0,1.0,0.0,15754.839,33987.71
0.0,40.0,11.0,1.0,0.0,1.0,1.0,16112.903,19210.445
0.0,42.0,12.0,0.0,0.0,1.0,0.0,21483.871,12232.621
0.0,35.0,12.0,1.0,0.0,1.0,0.0,14322.581,15638.78
0.0,35.0,12.0,1.0,0.0,1.0,0.0,14322.581,15638.78
0.0,27.0,13.0,0.0,0.0,1.0,0.0,14322.581,16254.992
0.0,46.0,11.0,0.0,0.0,1.0,1.0,16112.903,13299.539
0.0,48.0,10.0,0.0,0.0,1.0,1.0,2864.516,0.0
0.0,50.0,16.0,0.0,0.0,0.0,0.0,14322.581,39973.98
0.0,52.0,11.0,0.0,0.0,1.0,1.0,0.0,0.0
0.0,27.0,12.0,0.0,0.0,1.0,0.0,21483.871,33987.71
0.0,24.0,13.0,0.0,0.0,1.0,0.0,1790.3226,449.22888
0.0,46.0,12.0,0.0,0.0,0.0,0.0,12532.258,0.0
0.0,26.0,16.0,0.0,0.0,0.0,0.0,27750.0,9605.223
0.0,32.0,10.0,0.0,0.0,1.0,1.0,27033.871,22904.762
0.0,35.0,12.0,0.0,0.0,1.0,0.0,26854.84,29554.531
0.0,48.0,8.0,0.0,0.0,1.0,1.0,0.0,13299.539
0.0,28.0,13.0,0.0,0.0,1.0,0.0,19693.549,26599.078
0.0,51.0,16.0,0.0,0.0,0.0,0.0,24169.355,12708.449
0.0,50.0,12.0,0.0,0.0,1.0,0.0,0.0,0.0
0.0,25.0,12.0,0.0,0.0,0.0,0.0,21483.871,26599.078
0.0,44.0,6.0,0.0,1.0,1.0,1.0,3580.6453,0.0
0.0,43.0,12.0,1.0,0.0,1.0,0.0,14322.581,29554.531
0.0,39.0,12.0,0.0,0.0,1.0,0.0,27750.0,6354.224
0.0,21.0,12.0,1.0,0.0,1.0,0.0,16560.484,20688.172
0.0,54.0,13.0,0.0,0.0,1.0,0.0,25422.58,24382.488
0.0,40.0,11.0,0.0,0.0,1.0,1.0,12532.258,13299.539
0.0,28.0,12.0,0.0,0.0,1.0,0.0,20588.71,34135.484
0.0,24.0,12.0,0.0,0.0,1.0,0.0,21304.84,19242.955
0.0,41.0,13.0,0.0,0.0,0.0,0.0,0.0,30293.395
0.0,19.0,11.0,1.0,0.0,0.0,1.0,8806.597,9457.45
0.0,28.0,12.0,0.0,0.0,1.0,0.0,28824.193,39898.617
0.0,39.0,14.0,0.0,0.0,1.0,0.0,27750.0,47287.25
0.0,39.0,14.0,0.0,0.0,1.0,0.0,27750.0,47287.25
0.0,50.0,17.0,0.0,0.0,1.0,0.0,30435.484,25860.215
0.0,42.0,11.0,0.0,0.0,1.0,1.0,44758.066,54675.883
0.0,37.0,10.0,0.0,0.0,1.0,1.0,17545.16,17732.719
0.0,37.0,10.0,0.0,0.0,1.0,1.0,17545.16,17732.719
0.0,49.0,8.0,0.0,0.0,1.0,1.0,14322.581,23643.625
0.0,43.0,17.0,0.0,0.0,1.0,0.0,16650.0,30441.168
0.0,38.0,16.0,0.0,0.0,1.0,0.0,53709.676,41376.344
0.0,51.0,17.0,0.0,0.0,1.0,0.0,0.0,0.0
