X0,X1,Y,T
3.646078518951496,1.3687296358458085,-34.04149872597729,1
1.600235812550835,0.9102778528575133,-16.484184517707252,1
2.4681069761586087,2.498247986214179,-26.71288961249531,0
4.361339798802186,1.1935446422064286,-46.44111566569794,0
3.8013369852249514,2.1290761615430607,-38.41514001238844,0
-0.46591681981461663,0.8763985447967677,4.04992587675382,1
2.4251326262883843,0.9395529488200323,-25.9741527806411,0
0.7729641875534532,1.9044392368390506,-7.900840986721425,0
0.8451717223096632,2.1641569647986953,-8.996406164456216,0
1.6158977529075584,-0.8913754147961419,-16.52374748283512,1
1.2160653567413169,-1.3183421165945495,-11.17086482069159,1
3.1814102604444625,-0.6947126323102966,-32.02012988555722,0
2.14155658772049,-0.6508308665493465,-20.014996659135203,1
1.1825125247392427,-1.665311532682587,-10.828914253009302,1
1.6657948491181385,-0.8649613961940339,-15.932322315509776,1
1.5005114910614004,0.7252330025321931,-17.380631466502425,0
3.241118609736409,2.374229920336236,-30.113476510162602,1
0.6922626043512987,1.7120577094397,-6.486405857764995,1
1.4696015524763522,0.18380183839683584,-14.67513554386009,0
-0.28114360895258717,3.378031501029618,4.038747926121438,0
-2.829484723751118,1.7786717781647936,30.858907401764764,0
1.9804278931605408,-0.22732107016721947,-19.001872357478526,1
2.2966542982892584,1.0043542094237152,-22.085671386896653,1
-0.11324753060966297,-0.0007409869562708948,0.5785065655963044,0
4.404631935981412,0.7812716133973384,-45.77339146207939,0
-1.1815485118981472,1.6624930434580334,10.732219457284693,1
1.068637775952169,1.3015307402573515,-11.83336315617811,0
0.7192242249612496,1.1620860895700866,-7.94635776936658,1
3.299168821537686,1.3896942977817313,-32.507997284124414,1
3.2040381548504273,-0.3703614177348631,-30.370019547260487,1
1.2324211385453745,0.5642654055193097,-8.914267916644095,1
1.5672437794032603,5.287880830125926,-15.179046743223918,1
-0.33167862144516924,-2.762219217833004,1.9040600400245662,1
-1.9711947023358904,1.4108903405410662,21.764651500206,0
0.47813177601077106,0.5010196581164135,-4.989391017440543,1
1.2345234536559702,0.37290386829321276,-12.766466792301728,1
2.8454360210915812,2.7753553948475576,-29.381592789659816,0
2.803569773176617,-0.7148014750467517,-30.396673961112448,0
0.4190097738880716,0.275284206573271,-3.886387819242678,1
0.5465458741369966,0.40300222520008266,-5.77224279739854,0
-0.5728294476006388,1.403346022493722,5.715599713287946,1
-1.1300269057684629,0.024924503473271464,11.462571043947921,1
-1.559405285937519,1.4933458193955464,16.284708581395318,0
3.9261630928476845,-2.0774903005726895,-38.484002694957795,1
0.23552172737251975,-1.5810660194264488,-2.0252346643347647,1
0.3428885475832204,1.8569733129145438,-3.1505086351208313,0
-0.8791930400748893,2.5904224016815887,8.111787637691071,0
2.166235533747865,1.260772374725775,-23.958009200306694,0
-1.4208467713369273,1.6472319025394027,14.714622912208462,0
0.680889579679047,1.2545058303968202,-8.513725727747225,0
-0.34319984179051355,1.1074817745767753,3.6566780724648478,0
1.580353746788893,3.5421982042979425,-14.558357132476129,1
0.23379229364669052,-0.6468416151308767,-1.6854785144966067,1
-0.7709482761836182,-1.0584596207523949,6.969395701453513,0
0.9577266574920177,1.0224214467292092,-10.820252022353138,0
1.6424978057956265,2.9987855056236317,-16.753045336784396,0
1.0997758335747518,1.2072385647331054,-11.185807610737028,1
1.4537078466096722,1.0086801473502838,-14.571857171316266,1
0.04851685947855455,2.699624821655039,0.1211453935699025,1
0.45588825101929276,3.738387512431798,-5.728349490340175,0
-0.008690671663926564,0.5409822675819562,-0.3160131302804947,1
0.4606702576891881,1.4330549093269174,-5.317460253927241,1
-0.21971942306668102,0.36660291372187437,1.1114607377239114,1
-1.589423903497515,1.9754881383115999,15.672320234077327,0
1.2661392133806293,2.5098337914216664,-12.489899583915726,0
0.39732859568760714,-0.7753570785236983,-4.0802444727734235,0
-1.445297520449067,0.8322640249010513,14.151378739764816,0
1.6941733832886614,0.801773591542665,-17.849854407253442,0
-0.3609475465748633,1.1272476630361983,1.9006797742518118,1
1.0779180936942083,1.4716683001492217,-11.943247173459373,0
2.0936358432663056,1.6421540522525566,-18.380824107988303,1
1.193474366136116,0.6047799071740296,-12.501919087335859,0
2.709101026814951,-0.46398548056487243,-25.83405173519663,1
-0.852238730530479,0.36211958693117663,8.797467251254085,0
1.6035124617663234,3.325294188707109,-15.37603140582541,1
-0.027215136410469798,1.6787438717798733,0.9462850605635387,0
-0.3061957237728228,-0.6522918781257394,2.0797013823690307,0
0.1317255028533768,1.125019103829053,-1.4008309180432674,0
0.532671201808941,-0.032310019831411685,-3.960710814003608,0
1.0842480133446182,1.9497124815628772,-11.427743025879968,1
-0.7477247611750348,1.6384775766172037,7.209610613874164,0
2.3512397304312804,2.4640581504909362,-23.364178930618568,1
1.6984936595956897,2.7767051366635815,-16.386571519541494,1
-1.3043655294158354,3.545820837737575,13.3156543143211,1
3.2323782906933998,-0.5043281688986481,-32.34808167099786,0
3.8438337640458746,1.4583803517775435,-37.19351306386041,1
2.768169356739476,1.585249411674874,-27.20699363089348,1
0.7301127462814736,0.8335891677554381,-6.333725144286229,0
-0.6061289322658139,1.1333316080468994,6.6478708447530614,1
2.581677590396705,0.48942648438817116,-26.811863449887426,1
0.39523457954023056,1.9476650829484343,-1.5839196578517458,0
2.833667605573641,0.5651206898075554,-26.017301375916517,1
1.3124124671152906,0.4837024757617284,-13.8168000507484,0
2.4649585547255692,2.398154404968113,-23.79371550803385,1
1.5345495957616029,1.8753868784627516,-13.72358525590512,1
2.059859752287922,-1.2261715008779213,-20.371387771110516,1
1.0157500310812306,2.6193730243966673,-9.230192745895554,1
3.6788057408587527,-0.5092081856726174,-37.15358895221106,0
1.19036813905543,0.5386042128307696,-13.394197576233852,0
1.6029840451670525,0.08732001948537005,-16.32135078959501,1
3.8247260455843817,3.137708680302712,-38.85427417888372,0
-1.0216385917136694,1.3889155231514876,10.479102817151848,1
-0.9057274977286003,0.9539828879273567,10.343014831444265,0
2.454095062237017,1.3049276192523633,-24.1976651504505,1
-0.7596851076712399,2.6170692891676004,7.160541544607006,1
3.915431778473939,1.0944517970935737,-40.39374793225024,1
0.3795715288603789,-1.2158569608390946,-5.0933986106286815,0
-0.12118221716113675,0.7566791211018025,1.2353908144253285,1
3.884413039720577,1.483694372782244,-39.57184718254268,0
3.2207721871516366,1.8213498981586453,-31.052029932422624,1
3.8013384406398547,0.6452212133097865,-39.66070243770907,0
2.359066987413078,-2.5279535496651215,-24.80516259898861,0
-0.29183852758205386,2.634818051082532,3.0789768882947692,1
3.8650974296485505,-1.1545264368106918,-37.82331370891129,1
0.5979949435729295,1.4157356732001114,-4.814372330296663,0
2.203684593694593,-0.14271200086987545,-22.77103301804119,0
2.4208779516606223,0.862525014082307,-25.22061285025756,1
0.7674848603637487,1.012784259832681,-8.798590031315578,1
1.9211190555191204,0.535164239708612,-18.46014133033689,0
2.38331000734979,2.709935950381321,-25.956669594489178,0
1.564638296733444,3.6693638093408762,-14.578499308858575,1
-0.6491011858762916,1.1685959231160543,6.0967772255402615,1
1.447357261309084,2.305197295966036,-15.221718176720085,0
2.9895788450305454,1.980775752781381,-31.224605083449667,0
-0.04185178959704827,-0.9754465464278534,1.6566275045300156,0
0.7755481895084939,2.417484252905496,-8.258245269512908,0
0.3472696724175438,2.4868941927795682,-3.4386797872694075,1
3.773895592719013,2.1104003563829323,-40.77786887790619,0
2.0084421355186532,1.8011243293564458,-20.68033666459842,0
1.6111927543616655,0.38949408668112295,-15.268471837369166,1
-0.1548741116679746,-1.372304858481157,1.7578563259957645,1
1.8088737869377258,0.9166998448653517,-17.413696703487226,0
-0.011498990986064106,1.4983523845341185,0.17475644661759274,0
1.0477458374115267,3.670047134246657,-9.975321098538991,1
0.04623088243167861,2.3029223575341913,1.1677205808338336,0
2.0146499424197497,0.5470129968620474,-22.501600174283166,0
1.8648862249224114,2.085883731708381,-19.849926164457994,0
0.6875518666330077,2.111252981290476,-5.724116712489114,0
1.5940100689924679,0.12370657623408754,-14.694890096222592,1
-0.6395922630957587,1.0130547078013665,6.950284629169939,1
-1.2368863890584083,2.7474368960229323,12.961680114350505,1
1.6590875518968053,1.2922973267370905,-16.926807413377688,0
1.2500102430587936,3.5543273867893888,-10.626125748248084,1
1.9525471553381597,1.0766078641662664,-18.769109946498478,1
4.574717162295913,4.889285296284193,-44.62025855651281,1
2.416719230485621,-0.7742574845797854,-23.539627385768217,1
-0.3692333381662378,0.8520073892801667,4.032748925243566,0
2.6755244321437797,0.6457756009110932,-28.981444251736647,0
-0.9738611157672818,0.542806480080237,10.320450774301163,1
0.30762309277793654,1.9518920537625013,-3.1470219855593133,1
0.8976375920130532,4.337074643866256,-6.980407264031274,1
3.57001408247405,-1.2240913262091557,-35.083559085419,1
-0.11713223307265985,-0.15365103751823606,1.6390485415247524,0
-0.23965780798852165,2.2159207658194537,2.738951385645968,0
0.8523212133618515,2.430448472875927,-9.48937045128926,0
0.0047825704568389416,2.1289751028737487,0.9423999317774907,0
2.6899538831597605,0.8388780531642581,-26.069424081517106,0
-0.6198972625451349,-0.9247421815062757,6.063996201515158,1
-0.7212029786166536,1.356846100127472,7.1997553250224815,0
0.34326993288334895,-3.659559201531649,-3.721167396892599,1
0.25295132396154263,1.0222914981038809,-4.522958555492557,0
3.894298080725479,-1.9397902130279383,-40.677018177432295,0
2.424131210388641,1.4445885557618663,-24.959035857534495,0
1.1313268620777863,-0.5474712890233673,-10.039144363763997,1
-0.8381532782452519,-0.040304442324229584,9.676520071132225,0
2.2665444646023207,-0.3728384905659483,-23.987691396737695,0
-0.500323021084347,-0.44482118703514084,4.926344352450606,0
-1.3171566451664174,1.940498504699689,14.821828764056068,0
2.782044688528453,0.2695683846882664,-29.105660641684075,0
1.4754139178872745,0.6265573554610215,-14.978083282180119,1
2.3812882356712284,-1.1389652018469656,-21.958627796514875,1
1.4780914794145317,1.8255585860303964,-14.33399828531739,0
2.285245917854037,1.344033381549469,-22.39055405573761,1
0.023461610049779758,2.436679272734736,-0.8377691854759582,0
-0.551364262676697,0.5599044144683251,3.7220963460070284,0
2.0223917774224405,0.3740655402457477,-20.442394491318073,0
-0.20511449626076161,-1.0347681029956406,1.1150031669624494,1
-0.03432466662530076,1.3481001447199588,-1.6057686533430133,0
0.3167012447239853,0.10993805621562802,-1.7087508374101326,0
1.0262187385375852,1.395447559431098,-9.415233918450495,1
0.4690091331197741,-1.1227723218563597,-6.016523126789128,0
-1.062426940127028,0.19196425351674762,9.834430932811093,0
0.034572395750664286,0.5267345068235018,0.5319414749474365,1
-2.33510472833664,1.3852568554374767,22.02029562195931,1
1.9378471765407812,1.4256791023890911,-18.856716836537565,0
-1.4030864834101213,0.42632116232853845,15.208020100673185,0
-0.6565750091426759,2.7608981325752953,7.364724559070298,0
1.0782476188914616,0.09139350721140271,-10.168706563055562,1
-0.10934449458696993,0.03546601913034397,1.3285916388042056,0
3.3145218931101037,1.3857619790996034,-31.622015921231576,1
-0.9392853645851729,1.6999078865691202,8.756644146407833,1
1.4005763040237744,1.6243554881079971,-13.648236779508123,1
0.9410757726587566,2.0582118586445937,-9.03488017266213,0
-0.7521402466117961,1.3036156681591058,8.384959539647223,0
1.7849149907976305,2.3675510307889223,-19.757417487673845,0
0.7426805031666278,0.7072755389483565,-8.224001788094151,0
2.157685826820501,3.2259926892127595,-22.186300766356585,0
2.2352562309455974,0.6703784515549902,-23.653821404741613,0
4.244853923921035,3.859928276303142,-42.37019266497137,0
3.004791924154588,0.6461598128880177,-31.641835678083773,0
0.44622724308633466,-1.9729427166912021,-4.537966606135318,1
0.6409312336361104,-0.6856707089561369,-5.896008600642176,0
2.64948939383067,2.7627246344915335,-27.223139823978997,0
1.9828955960838968,1.951056074539936,-19.589743363150507,1
1.9601972891463881,0.7058233691771327,-21.141792823923616,0
-1.4254340664662517,0.47807984449075136,14.279460469511402,1
0.9635108134015965,-1.467020939946127,-8.981046130961994,0
-0.10704636380853305,2.061015901240333,1.5923363130262045,0
1.4198868985648574,1.2912748872854367,-15.54446217749868,0
0.8527744155355631,2.4441670523043397,-6.625614691482485,1
2.365268362138888,-0.5500466013054304,-26.04446083899871,0
1.475827322786953,1.5243476462715768,-16.054793273263726,1
2.1794919431634643,0.5693649453192207,-21.705322286002477,0
0.30037135489608535,-0.2580118202945776,-2.897906300927194,0
-0.4166693838773756,2.2788184540408984,3.7837030882723877,0
0.38492546019617735,-0.33873895298850343,-5.101647742215553,0
0.9744693792078392,1.8303228610832225,-7.234942571578017,1
1.5687276033326227,0.3435302797195685,-15.266006031757076,1
4.388963426036279,2.106007267941348,-42.50440511555636,1
0.936614272509036,-0.7999753513589081,-9.422543774296521,0
-0.43391750073916535,1.4626967291663506,4.689845574200503,1
0.48102733645092033,-0.8384419813607491,-4.462405174049981,0
0.30460603803085873,5.178153046433923,-2.254572706941527,1
1.7222222106601932,1.2225501502792475,-18.285672237249827,0
-1.3111955216669373,1.9853062115720412,12.566070038940959,1
1.0948929913004977,0.7365345935622789,-12.477650983198862,1
1.2347598069480634,1.8834859120688219,-13.6213323792965,0
1.3482715543004136,0.5897994267292405,-13.750393772096443,0
0.10402589655195593,-0.08349095470260726,-0.03680601350245993,0
0.6431174053959895,3.003803921020923,-5.707432895465699,1
-1.1360913634737972,2.5985863859262626,11.474221695214553,0
0.2600201749567089,0.822461554386209,-3.9672829109058254,0
0.18570778597492343,0.45931954300922584,-4.708648827073279,0
1.6240750693921382,0.5002969509330547,-15.73802327082459,0
-0.7342736477328691,1.4939967153777702,6.611130497869399,1
2.17179715256499,1.0691019379299374,-21.74532112231634,1
3.241726816737053,4.634690861101121,-33.58114043989982,0
-2.104977537520299,0.9960270405295247,20.485398250168046,0
1.6393880961671514,3.2173259870600273,-16.425782814565025,1
2.0153620525453686,2.468474372515699,-18.935519707085184,0
0.043844461671656454,2.1858765077726803,0.07544384255344966,1
0.4040922785068035,1.5492094636572649,-3.603319402353754,1
0.8006791336195666,1.942563209790584,-9.43403267699368,1
0.5533136808974075,0.8587139644516675,-3.182246387440984,1
0.5364805464293166,-0.09117738121196872,-6.683575821293347,1
-1.514005709494965,2.3446908340813604,16.768813395511756,1
2.72849734717468,-0.13462414951428814,-28.870968899291444,1
2.6194278880552315,-1.356657383958959,-24.2810016202612,1
-0.22004638880630423,0.8143507643111239,3.7758507629053923,1
-1.199636491703771,-0.19756417701364715,11.65134985662996,0
1.781597314679138,1.9447217743371614,-18.105347752142876,0
0.1363180452804008,1.2075219246659814,-0.7892675643120483,1
1.2129297449811696,0.08193385881854898,-12.707902654111102,1
0.5210073742823572,2.608999078734585,-6.558167078096328,1
2.03730812660528,4.039148552767943,-21.295760865877416,1
2.042123715484009,2.425304235005292,-19.484257440140603,1
-0.08839606769537633,2.988132823183506,0.7817049164757335,1
-1.075045933092583,1.1019287936242759,10.615763964927876,0
-1.374407596002623,3.075665484150829,15.260079379888316,0
1.9155690686608078,-1.3869331890200343,-19.413115025200806,0
-0.7832888866760435,1.4379353893469013,7.390440993522431,0
0.23977546855196863,0.3674643882260271,-3.5524633060096584,1
0.10552894232423782,1.5337780135996222,-0.5741987493354066,0
0.9211490555956806,0.2242014881522203,-9.570461450815733,1
-1.9044197087697605,3.634097094310559,18.774131512314163,1
1.2831678951907428,0.3772633909195712,-11.768154534215194,0
1.7858365357513084,1.3364933832685244,-17.00976017199155,1
1.132633130566992,1.514194177311845,-12.641216744217045,0
0.5336707424522924,-2.100137013595278,-5.389309657571431,0
1.1461002494031751,2.068511600235991,-12.871647563201204,0
1.5985695184601953,2.4830032294995763,-14.067207497735359,1
-3.158889134639975,1.2245767403770669,32.289655565457515,0
3.9338684623760414,-0.35215371486547853,-38.36862964224441,1
1.5851399840318896,1.676430877054657,-15.236305745820877,1
0.021387126419469937,1.6528902885429764,-0.05047379319216899,1
0.41356993721859836,1.5748303663585639,-6.014056365896213,1
1.7406126660237826,0.3726179883646521,-19.54812457622986,0
0.8258440914484502,2.0890689301497956,-8.550658521874245,1
-2.0460267016722415,-0.08985169005545557,21.597324069067195,0
4.096739292038979,1.4038230045746154,-42.7422951292855,0
0.8341890141512911,0.8953544379013627,-9.137286850827067,1
2.5302590675736996,1.5481068591570923,-26.16039316941835,1
-0.038074771676586794,1.39771995986684,-0.0281925950645317,1
3.3045655813686965,5.634338685244703,-34.83468948110052,0
1.4295155333384193,0.008585525668379779,-13.505133219409474,1
1.9132657517131761,1.3195524674204038,-20.22354778472961,0
-0.5678800492204321,0.4320483049424685,6.508442161389995,0
2.816717934524051,-0.8442829160110066,-28.215662395316706,1
2.0347272468021824,-1.4174629844157436,-20.208692831197876,1
2.9527693443474976,-0.32306478187329146,-29.30319248818511,1
0.05786866053763162,1.871617870041741,-1.349832733972712,1
0.2784593223088184,1.6787001273933877,-2.105480798675178,1
4.455875046525913,2.9296405210730345,-47.15298588794557,0
-0.5900237340823209,-1.3911364365642056,5.264189157963484,1
0.7960754489825188,1.708342103374414,-7.879513661396122,1
2.705337043904043,0.9693882559592824,-29.4318463442391,0
1.1465874515722834,0.5770536149494319,-12.249004284230033,0
1.8744305196299405,-0.8877512021362275,-20.204664177342273,0
0.40082645610568723,0.8499244877575887,-4.318697776229107,1
1.555083831771278,1.0779727688240133,-15.309232743038368,1
-0.9597902776029748,1.1740653918899462,8.611884076111702,1
3.487196019427282,0.7250982208492693,-36.48557566093892,0
0.8227539323071453,2.4086598935428145,-6.759337090005841,1
-0.020267305995275597,0.6579070738154549,0.18497364355680473,0
1.9995746230478715,3.8931111184454066,-18.462762908966713,1
0.3089203189171701,0.44546354378395037,-2.8661582814285236,0
-1.0013877071041302,1.0275271774147696,11.18820833487407,0
-1.0200762586963332,3.6385943470969906,9.228508980266414,1
2.0406597290351987,1.4198350109735158,-19.906002500156244,1
0.7606398427805996,2.439603589965628,-7.776449435639419,0
0.7994476604973413,0.7867620124677834,-8.452087991538042,1
2.616615708964394,-0.8640522119976444,-26.481618879001143,1
-0.6902387131351153,0.8844224840953876,5.687952248753129,0
-0.09601662929723731,0.7718769348055962,2.4946757212341106,0
0.42268028622808684,-0.7461834926950397,-5.117247276999491,1
1.141527383975611,2.2458857821913725,-9.847708534991028,1
0.9367428230641316,0.20572412417987884,-9.65328527078634,1
0.5696692114151386,2.2221917214442675,-6.448725519874172,1
0.9075603968565289,2.9057521201037773,-8.277107220153113,1
0.839042085563238,1.5229324931570682,-9.356907526626555,0
-0.07940658282768931,2.9449052449744797,1.39425689645539,0
-0.21948948283111602,1.5724240143512738,1.8195236543804088,1
1.4117745365859093,0.16103437120745223,-14.201488709647775,0
-0.33637262449329186,-1.0685308636409019,2.330316918644499,1
-0.7360328887862804,0.8572523739008922,8.485810541212226,0
0.5315616233114601,1.50720888775341,-4.724572786945477,1
0.7634994757542761,0.1744437906263271,-8.40660151356016,1
4.385085245947314,-0.25370310387031036,-42.960267419746714,0
-0.057050413784350607,1.1031143317104868,1.099564985468826,1
2.414891087454242,0.720756466753903,-21.39019203930126,1
2.1207825013069477,0.8858323250689646,-20.45505603472849,0
-0.7834174328056043,-0.7454281144034081,7.493433485771086,1
2.1598794661038996,2.192549955412164,-21.592261867140465,1
-0.7758209602899766,0.7741735963526909,7.664780968959925,0
-2.9887583569951115,1.824597741465638,27.478029349720988,1
1.909479286539071,1.6886075889777283,-19.420376485513074,1
-1.6338358751565791,1.1701015313502718,17.23803190240035,0
1.6764016927088723,2.104938644844577,-14.91300203543944,1
-0.026016346605824747,2.837132501972557,-0.5022118658514243,0
3.489326194284808,0.7139574658116605,-33.33461866153774,1
2.6027640989740135,-1.5654916673753005,-26.77555364862318,1
0.3199212942229185,0.2080414978895222,-3.913378668594768,0
-0.031756416543023525,-2.3900535467506625,-0.12738605340629972,0
-0.821116104641181,0.8099667761113405,8.423756224952843,1
0.33861605156111296,1.0552057290925558,-3.064167296135757,0
0.5794667572232364,5.06972745317995,-4.7199661715020405,1
0.45295968341247195,0.13286736033677304,-3.9397698576323106,0
1.235055782908546,1.063476761621988,-11.86791005583979,1
1.8677822465933176,-0.11886492133578708,-19.033853386756025,0
1.524481685489761,-0.7325263601736156,-13.360686398159249,1
-0.1462158858596645,1.3215292323697376,1.0096629000010244,0
-1.1566872107023678,-0.29862116899541724,12.803831262671508,0
3.046797772153707,0.621454474479219,-31.685342030296397,1
-0.03417377682490641,0.6471487153808368,0.7667284026972508,0
0.021559600097471376,-3.213865074141136,-0.6946650978658016,1
0.2182160315483337,0.15967779408502403,-2.2667917733893574,0
-1.7646043252349726,1.417321161627107,18.343969516110725,1
0.28303899393927,1.121704447920556,-2.6108643552461075,1
0.2805162789880785,0.9846136031484749,-2.032074071163741,0
1.9305374475152688,0.12914622065655923,-18.603083513238122,0
2.047685723661004,0.22097751925845466,-19.690713289524474,1
1.005656333629404,2.6152557047477836,-8.69052368338906,1
2.3977725611714558,-0.3922378300724625,-25.262475118345733,0
1.509947475701893,0.6702546457271938,-14.814903083304127,1
0.9764768325961678,0.02784956526112159,-10.677603609758304,0
1.2413922524473344,1.0607944433053393,-11.130236719039983,1
0.714019759627901,2.5709166128924767,-6.587656515199173,1
0.4077257289498245,-0.8561524167834564,-4.747425518658996,0
0.5983996946590503,-0.2629559129633323,-5.713297326097472,1
-0.6920169972050103,2.3592558999253743,7.82755500914967,1
1.420662557974444,3.3403891114414774,-14.813613207167595,0
-0.48968541639437113,4.9846452739833,4.1436075313338545,0
2.262446896110455,-0.05723523357181337,-23.396667419238717,0
0.6258121297585767,3.2136189015358902,-8.488771493726968,0
1.074242472475136,-0.15580103953935098,-9.76535651526631,1
1.7407551644214345,0.4741154908416789,-17.49134364581257,1
1.9649716975943918,-1.810260247672491,-20.904262046304463,0
-1.355935112950179,0.07466956962289895,14.976900315270008,0
0.6896444857540425,0.3072906200440464,-8.127884417322857,1
2.320268368121173,0.3750547480304862,-20.805680790692854,1
-1.5471587291483817,2.6240327454772885,14.69134836418216,1
1.580920713092595,0.05202110575736407,-16.964219450263787,0
-2.383346344103284,2.423039887769852,25.80711176449306,0
-0.5337602654534053,0.7047995012355606,5.94280084343666,1
1.0579458277602822,0.7212716691571386,-7.923090942429614,1
-1.4850726534829306,1.8781540062869193,14.351562268387633,1
-0.4782661065262259,-2.1860829283565044,4.569517760523908,1
-1.2077525111953804,0.7706604010887348,11.08084648499911,0
3.4722023983113393,0.6660511659441675,-36.441674254854135,0
1.246341633231001,-0.33940505017732114,-12.943179723178057,1
1.850935416779004,0.45935170590316243,-18.599221444267737,1
0.6659873492272683,1.3547226265660601,-8.670200518576612,0
0.46985237686420134,2.078024615402814,-3.225676785001713,0
-1.4247112829765487,0.7155436137063775,12.55425524382242,1
0.5622439558782057,1.3138948668634576,-8.315622233696738,1
-0.1422383177174349,-0.587765338046248,0.2907994779439471,0
2.2868858864385047,-0.8454801812807615,-24.38657484520111,0
2.71165279998636,1.1948106836697643,-27.74028766374901,1
3.1998680733612663,1.5132012066731817,-30.279916965925523,1
2.2788279091918477,0.662168846757068,-23.836774601061798,0
0.10201909461552083,-1.8653787844999616,-1.0355738148631881,0
-0.6738454789405917,2.983886154887807,7.618126058641343,0
2.149994772467629,1.8871213523424752,-22.073107732093465,0
1.5344392262084334,1.7031132759219527,-14.97901158989875,0
-1.652807676015546,0.6376497056191605,16.079087770517276,0
1.5332226891156537,-1.9382688718119128,-15.58245032972779,1
2.2217797337317995,2.789632214582232,-22.439689152183302,0
1.0883883837724448,2.5871616958799524,-13.85337582527015,0
0.7224194934859878,0.15934518850377322,-8.459300963250882,1
-0.2114727314245335,0.587905849310332,2.5747145999943015,1
-1.1698020493450816,-1.4183252621704003,10.990944717981488,1
2.2004469240100413,-0.6957660154856271,-21.947695716619148,0
0.5363283328424369,0.6932937585228938,-4.450107994435796,1
0.6498000076844609,-0.1784039209727608,-7.570095556205459,1
3.5990817803787,-0.14993665354802643,-37.022411755040004,0
2.0267516602887854,2.744562789036407,-19.87574134929328,0
1.556237501921653,-0.45259420079182955,-15.113183341484069,1
1.2130927077808535,0.6796259540283941,-13.593163336616552,0
3.279992291148659,1.4353823472973621,-33.231270709809124,0
3.5793839611242917,3.015744056110085,-34.46436603830306,1
2.394257667219292,-2.873670693444265,-24.356749809419277,0
1.8733368870968863,-1.292589107431322,-18.766045565659986,0
-2.1419046068092173,-0.15575198677806767,19.280372781779466,0
1.1855828713502599,-0.36671534987623033,-10.745004481919366,1
0.8048395687094441,1.3875922544496317,-6.561890729233834,0
1.140929844078353,1.0328074969047167,-10.751431598682025,1
2.414569130983777,0.6020048462243374,-23.484772976571374,1
-3.1095157507843343,-2.0629490120529885,31.188655433610776,1
0.1460319197947224,1.1413512819463048,-1.0937778699765048,1
1.404856532411142,2.5546979455498398,-13.12437983106295,1
0.2997316809208562,-1.5811266769017362,-3.1156234155104303,0
-1.1253591696893892,2.7327974893413196,10.936598489244995,0
2.303445230345193,4.029402461200856,-23.59213280491557,1
1.415307858769192,-2.9846846673896907,-14.876839553426702,1
-0.456656855666727,1.7443752593442765,3.1049794126033223,1
1.4722258067737357,1.52371970434618,-16.378325219731657,0
2.2323785680746937,0.09013379836643765,-21.45461397914799,0
1.0079389694490413,3.9699817386550076,-9.129852835321431,1
2.200847205146495,0.34196632262709303,-22.20675117469269,1
1.117390262742492,1.8190977992509334,-11.347631321481883,1
0.4071565260184684,-0.9930148955613187,-3.880059339923505,1
-0.7391307745998694,-0.3998551071010872,6.592443917850348,1
0.8711038495425809,3.3575874790127846,-8.474613020834488,1
1.2914394070686575,0.29546663450122124,-11.886377487883623,1
2.3137491423809964,-2.0451553809380103,-22.72459399936256,1
0.8273387972691599,3.32509106240051,-8.267990136805937,0
1.6861234093314863,1.4500555689840762,-15.647800164693434,1
-0.4469180206005925,-0.4590515719787698,4.375644088146237,0
-0.1739437337412877,2.7144979004316623,1.9904999308794669,1
0.8344160514596684,-0.3552624111466709,-8.98698419900235,0
-0.5819426959775207,-0.5878432117625385,6.023451762804832,0
2.2303717559870218,1.2782750336772424,-22.195974693503338,1
1.6946954939779106,-0.7726088501152653,-17.147220261302753,1
1.4186436465886803,0.25107930912312204,-13.737647035090282,1
1.508356187823917,1.1227857215317285,-15.119779985504122,0
4.031565342227196,1.6355639038972347,-41.7804274109808,0
0.29670371804980655,4.659943355644475,-2.5868778060081064,0
-2.302161928250837,0.03870989735093444,23.203668482599227,0
1.2989502953446979,3.5501845258483886,-14.712319601842077,0
0.9240946885575012,-0.8002979290641314,-8.644719745330866,1
0.2237214362343951,2.3515476261507233,-1.5059529786450685,1
-0.4682447890381547,1.0740895275601812,4.919423315251849,0
0.34121571729677813,0.6155262776651403,-1.9979590456772882,1
1.2720076438267318,0.06695116872116547,-12.32069237904619,0
0.24577494903619268,-1.5687652595407804,0.12460572283513294,0
4.618680519315623,1.2344026017088534,-48.2333128214749,0
-0.440756572449722,0.6323030890389709,3.3232534290624454,1
-0.1896760440615075,1.452736998955038,1.1198451206836886,1
-2.4329300600217927,2.6044728927834786,23.292053239612372,1
1.3772266225323055,3.328361879111159,-13.84659677897917,0
-2.02460994169964,-0.4392033376523137,17.695455310818488,1
0.1908180499382479,2.0454949068895725,-0.6658834469632176,0
0.5864941981591646,3.555334762989564,-6.338611099166788,0
-0.06459194877033236,2.1654399778233233,0.3866014338182737,1
3.6083090161817664,2.0286851188792188,-36.46277566078427,1
2.4915915869732483,0.26334059268119625,-24.547017290409432,1
2.9787053144523634,1.1951552105082708,-29.19623701024837,1
-0.3236282278248779,5.462591808772254,3.2436644021664116,0
2.6928910967718527,0.582999919547722,-27.66597436011562,0
1.7440014195159432,1.482103133811226,-17.691481196629464,1
2.1571089230152682,0.46606521532038137,-22.048637655393655,1
2.5441582431741505,0.615181402995447,-25.909940906105273,0
-0.36314486893857967,-0.001627573777818636,3.659701694032643,1
0.3635235685331477,0.27880001712237457,-3.5833245022699263,0
2.2938940169926765,0.3910666346493,-22.796589905332446,0
-2.9834286394623994,0.6519067638572895,30.003948132551727,0
3.269992123859808,3.897251141756823,-34.861903208194455,0
1.829698096311376,0.7204485075509067,-16.684979530639847,1
0.9314440590096478,1.3531730198569094,-10.616715254124728,1
1.33076148363576,1.5847884288404375,-14.35898991577548,1
-0.5449029249634649,1.1318178507982237,6.161233414709701,1
0.4750849531163429,-0.46733855639061406,-4.7025009371308855,0
2.6504265073305606,1.2032798648341023,-25.885110426141885,1
2.9470329584893316,-0.1750039572275972,-30.739670821952597,0
5.04433607884537,0.67919080964758,-49.43398732063166,1
0.8891130005793773,1.0184302969754258,-8.810841495997385,1
0.012170549792494434,2.0758337545255214,1.2288736569789833,0
0.22864905109001676,2.930781607863948,-2.7760104826090126,0
-0.5270628129310473,2.2322162157414236,5.319877380850797,0
0.8832178660887239,0.863989741766954,-6.866472308450804,1
1.5740986450184022,-1.757087599608394,-15.408256164009552,1
0.9486365792020692,-2.3594681766714674,-7.633439856300511,0
2.644520268498698,1.7052326194836946,-26.03740510633039,1
0.6486762979831953,-0.4425108919738452,-4.993568485892133,1
0.47882402125215506,0.22584950053830544,-6.634930040661401,0
0.1280972847095121,-0.3480663276727345,-1.1785181241162168,0
-1.4489517893517427,-0.603348948040195,12.624089948668145,1
-1.351651586462681,2.6467443124420056,14.09888247546609,1
-0.7687368959565317,1.463320034618616,6.78170078664849,0
2.9521421074971412,1.0999332295391384,-28.66522580801926,1
2.342890409334895,0.8287013110989292,-24.647356707300357,0
3.0624460995894847,0.2602166070626557,-31.188850324249568,1
-0.9983174818917526,1.2936573742018538,8.170239264406911,1
-1.9529370346790302,2.3061927423634505,19.798754972185556,0
0.009915519798875616,0.27881597127910407,1.6433968851915304,1
1.263728429944042,2.552702538705493,-12.685730118187648,1
1.7480354123647412,0.02980383442586132,-16.22418534251577,1
2.5719582339520795,-0.11530516858014761,-26.80442113604807,0
1.4264195062108218,2.8669265966503485,-13.110882957314912,1
3.614003170983447,2.5319413333029797,-39.411156954837224,0
0.6660914785775193,1.1547473403175648,-6.934946746020528,1
-0.36961882706269455,1.7456120662026806,4.573924033021182,1
-1.5218273232416504,-0.5496920791589219,15.663164989317337,0
-0.3334570371431749,0.7538189582117492,3.183457164018156,1
1.3631769414776844,0.36462544133898733,-13.797908843642235,1
-0.3330803860304461,2.3672358333406525,4.613287529825122,0
2.4051136953028855,1.8782443643226339,-23.287266688446703,1
3.1184915590561646,3.7226750508801913,-30.536212141247933,1
-2.5543803578399045,1.7198557196102833,27.20762965023651,0
2.2960784507464718,-1.3207075511871298,-23.29010950310036,0
-2.359406087992605,0.40412255451093226,23.349154803749858,1
1.6022485826354314,1.7198425225101457,-15.115738665447772,0
2.8373058462904894,0.016750092673404327,-27.883187243442713,1
1.0972841595153642,0.6170272221392439,-10.48199515716402,1
-0.9195337598063591,0.6139186996699498,8.919845543216057,0
0.12185319358334112,1.2682468981573738,-1.1171112072957596,0
0.607531831433649,1.0347382205941125,-4.730336294068507,0
0.7266328243150856,2.31838576007424,-8.19996002316379,0
0.6956547388499994,0.5544070136781236,-7.9552514977122355,1
0.8351758310360293,0.7650153455935083,-7.688748379216916,0
1.3202200733652534,0.3918255671079578,-13.094973817556431,1
-0.8128604805998318,2.7943527264118018,8.54944114924588,0
0.6369702551946708,1.5163135424986935,-6.669359427325989,0
3.277391755533558,1.9008890907359048,-34.004494355731374,0
0.4230318652862234,1.1280622888294112,-3.548838315173255,0
0.3342458602672034,0.8043026108963238,-4.116771914333356,1
2.6172959555713566,-0.6696776136174858,-28.23064725235769,0
-2.8387769995161447,2.0187834245863296,29.607159136608402,0
2.772067901932429,-0.32079463359682325,-28.789609711486012,1
0.052144362992249116,0.39524278670513213,-1.9153348931441276,0
1.24589285867888,1.2272818228223388,-10.350664551953614,1
1.1444820338817951,1.4436360020120218,-11.144705460128677,0
2.4137021788305906,2.054747613227366,-23.679057027004212,1
0.5986078806469785,-2.1779960781481593,-4.987285219543896,0
-0.017038672346675554,3.665722432782671,-0.8634035787594522,0
2.946768685976648,-0.321041336674627,-29.21190618676873,1
-2.54626072571177,-0.4491415324400365,25.592336290546907,1
1.0305012725578648,-0.5290971351172824,-9.826145947758688,0
-1.0218881339436807,-0.9256902536378382,11.1401611409806,0
-0.14236008238483855,1.5443105416425107,-1.1452418621875464,1
4.016885022194705,-1.649106433048415,-40.35805104345133,1
0.9331068603162145,-0.6693025389724165,-8.67306939706828,1
1.2926045457270718,2.6815162443254232,-13.798542542774275,0
-1.6723442835583873,-0.5221115927703399,18.939403864576754,1
-0.09356698819204357,2.8319816132703464,1.8440853740597563,1
1.2948361010931775,2.042404123218006,-12.907716488230916,0
1.532136539669827,-0.954320411634018,-16.141230894685645,1
1.925329831589918,2.702386751284667,-20.057987861539203,0
1.0129418483763646,0.4541495430404545,-9.691803256728083,1
1.7905063126819896,1.4321588008408161,-16.430097073023173,1
1.680672868953526,1.5723330021927928,-16.5972215362701,0
-1.7446106165067974,1.0094338470002129,19.176269856992263,0
1.0555085828652242,0.048874458058031034,-11.900796071987914,0
2.1518536115990554,1.575474881448586,-19.689136096943685,1
1.8848197311017794,2.924841334540392,-19.86315809665249,1
0.4542117850438152,2.776832340968573,-5.259542755992455,0
-0.20843976130905162,0.18407070388061575,2.4747519000151916,1
-0.6774678864824484,2.307703546991865,6.89551435041,0
0.8034189826878815,1.2123571801883273,-8.884442285908488,1
2.699619819339583,0.783683017717019,-28.89655957323528,0
-1.9277061522224033,-0.35608036298606294,17.355021477811363,1
0.010162405405753083,-2.0179376639733464,0.4323210938018692,1
-0.7097036831401611,0.9238564898183415,8.64121469722913,0
2.17743628186075,1.84350357832044,-22.744894925473186,0
0.1685355601430487,1.3559854051224398,-2.1530539403581663,0
0.29404351276781293,0.07507159185517431,-4.530262579096207,0
0.6745756450950265,0.5934441739196441,-6.102125817781941,0
1.6680898763421959,3.6934941856600623,-15.1361900075341,0
0.41141650277554487,-0.21107206989382732,-6.076029492044814,0
-3.5692145821998897,3.366034499621759,36.05502850919333,0
1.8149678370812796,1.30789799079147,-18.477345855711093,1
1.6585644365080638,1.455875553089498,-16.828363620349325,1
0.6706884575031802,0.6619853107325614,-6.747556533211563,0
-0.6260549310079018,-1.6786736433548333,7.753405669992244,1
1.5276701660220375,1.4077298155799718,-14.878585973161927,0
1.5688533003033802,3.6510056684413232,-15.787874663729356,0
0.29495067594868785,2.837756078249926,-3.7913025035130183,0
0.6749027941366921,1.1069791292088653,-8.138358200156656,0
-0.395234753786482,1.7500177813970605,3.0789354954767334,1
0.7321163618690063,1.2600172235044704,-6.065662305448448,0
-1.3256440176252213,0.2560295336669831,13.724445572286168,0
1.6259782315477533,0.5754507459943377,-17.356385655069893,0
-0.41655273623644073,0.25550135962683185,4.148232813641286,0
1.357154721748468,0.2462732206468311,-13.289269880151185,0
-1.1089443744018488,1.9554731840235338,10.219746099817451,0
0.11491353119569048,5.344195825760651,0.21981752634282747,0
0.8342658924011083,-0.9560821482334343,-8.024416996395756,1
-1.4910497178038948,1.615200964777356,14.405035953313297,1
1.1727218097101382,0.9236628068382722,-11.753010503918517,0
0.4312786556801159,0.7493195249265154,-4.266735379752632,0
-1.613534296713846,2.27541262289974,15.478279282089831,1
-0.9548641311684736,2.5698887941804327,9.677509723501823,0
1.90768012612325,0.7772734314344057,-20.708003507601852,0
2.343333978326986,1.6259134234864798,-22.322572321030712,1
0.8021370403300494,3.0374053719080134,-8.397828384770754,1
1.6071427180607463,0.5543623785968232,-16.71605771315959,1
1.335765344969366,2.366593909135143,-13.725583269931619,0
1.494434473191607,0.30597713211382005,-14.212403530892606,0
2.9289760106204397,-0.5864711363690205,-28.770170965644596,1
-1.2604975973214083,3.0814022027353665,12.50058985508891,0
2.0146910985424347,0.9616804244679859,-20.548117971965294,0
0.4269865666332697,0.6226186779572833,-2.5037839121090304,0
0.6636115986225395,-1.2329814643411887,-7.9593460222770185,1
0.5466254043173949,0.3671786305769036,-4.978059597405809,1
0.4372793250080742,2.4457363078720027,-4.3424504850279755,0
-0.8392942876745286,-0.7256349951949796,9.391735994665682,1
1.2750087988864018,2.1990558751375477,-11.511952295026044,1
3.506414549183286,-0.2949528334158198,-36.6520743244723,0
0.9158004693268643,-0.23688276714210854,-10.664946575579213,1
0.9979224358973564,0.9099791787455188,-9.571446466912622,0
-0.03094855573499533,3.0009282703408324,-0.531708113967943,1
0.8237881803728329,0.3584553926698867,-9.024888191395064,1
1.699249639051046,1.0118841176539919,-16.523193330143368,0
0.44463633894348564,-0.6405879026761339,-5.270997973969465,1
0.3192939384219984,-0.8562279475452794,-1.9176896437932638,0
1.6048968102448702,1.2689690846300863,-16.354465991527235,0
-0.37700715472856805,1.8322028265207142,4.016087575829286,1
1.3787449406153085,1.107154168570574,-13.21284347933951,1
2.2304826958921327,0.2704919472353875,-24.834587389428933,0
3.0399228125192264,2.5045482199231994,-33.39041885205771,0
0.8644269890845797,2.2744146524988595,-8.774155782547698,0
3.0513958597100705,2.665096590044352,-29.354280042612984,1
2.5516148297222774,0.8336479118625314,-24.93877451858645,1
-0.4943189605565992,3.50068550361875,4.025805744941261,1
-0.8269077673897263,0.6823117965874153,8.618445438074701,0
0.5425545432183694,2.0446470428915102,-5.724393118047489,0
2.543403238892281,1.1035252684346286,-27.407575380190416,0
0.8915694886599926,1.878648387321572,-8.258008257908992,0
0.0990136635133172,0.7339163686529899,-2.7599801511300712,0
3.328364770072841,0.20496550227567356,-32.04952932426166,1
1.4303567320050194,2.1566127139220805,-13.641895148508818,1
-2.4808914136861127,0.8488637317520471,26.81003015262799,0
1.4757409394390333,2.5375910580642884,-16.35245111133481,0
1.7800609218563017,-0.6901124660963247,-17.354045028464615,1
1.3384129817066557,1.7954240338377985,-10.953444161472392,1
1.6745681503479888,-0.9765215719977651,-15.75890541090723,1
0.8990865866155274,1.4565281994751031,-9.249574136245222,0
-0.9775938044671013,0.30613864150833736,10.705761546130594,0
0.4439439951693198,1.6975097253603244,-4.5306702790158315,0
-0.4184236933344372,2.8654764715677716,6.542343792697163,0
-0.39911136619156684,3.864539373703651,5.134241186887575,0
-0.894602523653413,-1.1908812456439342,8.686945229328147,1
1.6787336389594696,0.9162935340696919,-17.20585395450984,0
1.1468442181189407,1.297168388466556,-11.636865001937577,1
0.3277519559789379,1.0243303894126663,-2.0041177342685845,1
0.02599310840441782,1.736190897926363,-1.6609957445399544,1
0.9648653424678217,1.2646049459291806,-11.6389676834917,0
2.618792092168734,0.02195015819496815,-25.775717664827937,0
-2.0063235732483724,-2.8376793769694277,21.827325742868794,1
1.565314781276339,3.0053305323410675,-14.881325528050828,1
0.18143203897332638,0.16171162534601247,-1.6664024468545269,1
-1.8268787674691715,1.2645412578532205,19.656105540364106,0
-1.918554624745938,2.9971621968809936,19.305178045351564,0
-0.36917524120293765,3.4567748683974244,4.010524328730268,0
1.3292643336895678,2.0807677006436323,-13.784930065131865,0
1.5895944009701375,1.6777331453522715,-15.90460728026509,0
-0.4084723590166779,-0.1809716188416115,2.6899571946475884,0
2.525531487119867,0.0034284036437397525,-26.771592694142903,0
3.1344752447741593,-0.12292645302387895,-29.89197640593244,1
1.5941298774348402,1.881945185325373,-17.25393257272173,0
0.11289599828783381,4.170397930935593,-2.100430619335364,1
2.686628776765552,1.537006414467273,-24.30327342197617,1
2.1330935434950073,0.4101816115932948,-22.14523596589268,0
2.301111117032377,-0.7030373356942725,-24.509590369514,0
0.01530448754270286,-0.07122190182483457,-1.8424477449900654,1
-3.2518317579120533,2.4959251583668998,34.54714826306089,0
4.1751865322255135,-0.6836392813656751,-40.24315292227534,1
-1.4163176051749007,0.11344037611120394,13.589789897021305,1
0.9463478922096683,-0.18392551694987525,-10.943884970629803,0
4.571118026829625,2.174965244732314,-47.562422068322235,0
1.495865134411561,0.8946753391643583,-15.504456447147446,1
2.423869710337353,-1.6464089925724266,-26.149408062271387,0
-1.2535948540725692,0.11864601574799494,12.189661471875022,1
-1.6665004321005594,-0.004683621487222123,15.290476463983083,1
0.2009458120306682,2.374533910190286,-1.843110347554487,0
2.6361246016517503,-0.597369893262039,-26.806691349838243,0
0.480625828529035,-0.5693346086439457,-5.552696512010531,1
-0.19195448160724804,-1.8413887204595998,0.628007822801588,0
1.2969509349174513,2.375203431540447,-11.926512229789783,0
2.622902827715898,1.926801134801743,-26.660712894442515,1
-1.1674102986100574,-0.12861404070178728,11.480676236190435,0
-0.8158144911850274,0.18203962081592073,8.697174687758912,0
-0.18300388176404936,-1.3887317667656998,2.5025394883933134,0
2.641957562068137,0.42204246609547424,-26.163612148123477,1
1.3522322889230978,0.27785859845493366,-12.799328266503409,1
4.198230115855665,1.6627238007622749,-44.06096767865899,0
2.4046685887466737,-0.545610721530704,-24.55158694863301,1
0.9473572346954944,0.12732330454652052,-7.863561198975372,1
2.897616757133149,1.1218675121528388,-27.645660276103385,0
1.317245519097817,0.32235613237243743,-12.002878180195658,0
-0.05738202876116727,1.9169846761222216,0.7385577095329807,0
2.0199622663676537,1.8081960097633507,-19.173396752787138,0
-0.04448998079162436,2.609237344251001,0.8183822364271025,0
0.5644043487941999,2.1540697855394697,-6.011890730760825,1
2.9916740439369747,-0.4811343565434467,-28.87026983819566,1
0.848077770673901,0.7832808461437478,-8.91407574767757,0
-0.20471208101244254,1.669497814518115,1.1458088706157339,0
0.3034934628467625,-1.5125655510341183,-3.874408666634897,1
2.5326858783830097,1.3072892965511942,-24.03371465662882,1
0.17118898987490616,1.7340301842603392,-3.626831757579428,0
0.4196937297240302,0.773777078250256,-3.7605169299043983,0
0.2345608905495572,-1.0111641493290628,-4.068926817454529,0
1.2758882415104649,0.7052949922863843,-14.632661814333023,1
0.42176535943658755,2.5423039252692208,-5.974719129455896,1
-1.4027540734588055,2.3391081893654384,16.554867824098967,0
-0.3307714127675605,2.0550879515517773,3.0473429854701637,1
-0.39918356225965734,-0.06335019309780021,4.237938982656167,0
2.864979076682732,-1.8289340755688404,-26.675011078217093,1
2.2190110631635633,1.1923218344818276,-20.825660610643375,1
1.880889069099739,0.9339363184418136,-19.8356881562251,1
0.24196252410338515,-2.4450401809467825,-1.5037019256469053,1
-0.2236873129909569,-0.5218035337468314,2.5104434471241293,0
0.23872359751396444,1.225628718187738,-2.682625133911447,1
-0.577820153827511,1.503291142789449,6.0333986910447495,0
4.7458005873805105,1.8158511244502022,-48.074692193828646,0
-2.3679824725571033,1.2972153731324356,22.334702144383773,1
1.8460128026107137,0.25904092032011194,-18.796938790945923,0
-0.9268284469887909,1.3225706010707778,9.629002806331425,0
0.843484762757961,1.4067401880517494,-10.56908233757402,0
-0.48200291374060167,1.8995514268517086,4.2103920921363525,0
-0.7664434437239462,1.4437276926980744,8.163931133319673,0
-0.7102944514024423,1.3072692468262153,8.262559219857154,1
3.6324792306130878,0.6385196673973701,-34.61911697328032,1
0.800517366535612,0.07461497045153676,-7.727860792078056,0
-0.1485532917171295,2.7143165370551814,0.72962154369349,0
1.8336804461243095,1.26242473661059,-17.26835870612637,0
1.015523971849449,4.105914313456985,-9.743087309610468,1
2.0800506390124793,3.3451538197873183,-22.638093644096095,0
-1.7363849839067447,3.76623981737907,16.844256658417407,1
1.4554058566930022,2.219245667534239,-13.375604304504376,1
2.1590422556535724,2.4086890193952533,-21.164162846340286,1
-1.4923974366718458,2.6968064571906503,16.407225102425762,0
1.6722929266349686,0.8628089428595598,-16.287510492821696,0
3.5442723592422407,2.7641495668161284,-36.458541219211604,0
0.9777134449679459,-0.9843556845026131,-10.445256661267646,1
2.232108905537217,2.223254263804521,-23.077621056510505,0
2.005855675466365,1.535020400983143,-20.814963128755707,0
-0.061258546265865466,2.747142472344701,2.4964116981000934,0
1.0596501018797428,2.060180490165937,-12.01735487868123,1
-1.3504920662924036,0.2615891511734838,13.909776589719623,0
0.32304544434621085,0.6135537891817402,-3.7519088922941037,1
1.3985319624493537,0.36621880763020187,-13.379036118543915,1
2.084650740606697,-0.23061469586702543,-22.879854203171874,1
1.0369181878718674,0.4676030079628295,-9.053197000668277,1
2.079975595214748,3.34716339225699,-20.382696421894043,1
-0.6543593194330546,0.6846743252720795,4.572010571049437,1
0.8474540881676926,3.4823692042878225,-9.174310317370963,0
1.028919076769616,-0.18232055591639318,-10.091401058736547,0
3.7743868700194545,1.7271072681101667,-40.84362235128988,0
0.6787500156998736,0.3197231629868723,-7.055517377356809,0
0.2514750430087257,1.7949992430890072,-3.672717554805939,0
1.0320268357653228,-0.3016851876840243,-10.676141513022989,1
-0.37867016730491554,2.2628947376081574,3.740015223024313,1
1.2891307735978241,0.1301127162215423,-12.457892685716624,1
0.45241717518061353,1.469620375470159,-5.175707438875437,0
-1.6869913220617754,0.574457437484634,16.8155989310326,1
0.9121201732992087,2.3231548115672087,-8.126362368702203,1
0.5236853591047012,2.755038580812516,-5.414224324568675,1
-1.4486349531019749,1.1348219817438876,15.637024341894556,1
0.8992987680782174,0.12551043960050823,-7.356397846708954,1
3.2340339431117204,1.0851883675760312,-32.1419564455952,1
1.7819556224135704,1.275203696712397,-19.169494943774502,0
1.9178907890967367,2.4595035309007587,-21.60950092099272,0
-1.0122450883745637,-0.14996987991808708,10.40039099052213,0
1.7153475533833338,-0.5451036103608855,-17.184304310116207,1
1.2226743720701172,0.9404621319118305,-11.936292869482553,0
1.7935678575016474,1.3405232342614852,-20.162078780393543,0
1.6339429325632384,1.4206482874258843,-16.299996217262848,1
-1.0396710882557203,1.4805221610062769,11.163861164727486,1
0.9378987826630488,0.5879596818857505,-9.927484646011402,1
-0.13680629063774896,-1.7674566956810827,0.5791743816016652,1
0.9248738585727668,1.1413262876809187,-10.516344200726836,1
-0.3461013903527457,1.3223895360094884,6.014478061807225,1
2.9687055507114946,-0.5119548693912779,-31.62087123100462,0
-0.2884585826665136,1.3775948639761593,1.6995116893907072,0
-0.348413234698304,2.2439735700293024,2.612723984398614,1
1.1118796098153303,3.986019141241395,-12.337416176328851,0
-0.6156486041059921,-0.5691828414150786,5.767720880914693,1
0.3630050463507014,-0.3268937891687427,-2.949740893740977,0
-0.244946896306943,2.1941238391684386,2.249030518440044,0
3.1167580958344177,1.7966763205846805,-33.33591100042093,0
2.178705740246759,0.5329807539285595,-22.815940903430906,1
0.913795722301908,2.076617309101114,-8.938913215771505,1
0.4131744217389757,2.334448225961916,-4.254316296009585,0
2.41137642186267,1.3494121459896926,-22.11526160292433,1
1.6078061204843321,4.081901811684181,-16.62811868708031,0
1.7470786070242852,-0.8999883633669996,-17.231032668803195,1
0.9607116439836243,-1.4158611351800947,-10.471486545032931,1
-1.5323450416571482,-0.9927051453000018,15.629847596862302,0
0.8313010261606709,0.7194472650617022,-9.083685996890061,0
0.2012651211863984,1.3766868953859857,-2.463244159958693,0
1.9675829101898152,4.525571886561385,-20.253566597231792,1
2.5177636494912834,-1.0126332065754697,-25.64544579180663,0
0.013073432858247136,3.109372898321083,-0.2706447837332884,1
1.7025778514155774,0.510406722914778,-17.906509521742887,0
3.60381849652857,3.0367367967631282,-39.19237498810771,0
-0.0015690808558384006,3.3458026709096633,0.5090306484575322,1
3.5228826101097064,-1.0697845545160463,-34.058717443238436,1
-0.27887877075597056,-0.6794479782668783,1.895583204923044,1
1.0344396334119272,-2.8880310506066893,-9.153695227888141,1
0.9832815822372382,-2.007461700253905,-11.590509207392593,0
1.0172483498050935,1.5519867435513102,-10.600862229095597,0
-0.256517062861918,0.1670381869680806,2.3964716379757256,0
0.1132253443533554,0.029404720890067848,-2.427473632573395,1
-0.001580429539099093,0.2386824539578597,0.20520045931498967,1
1.4904438931066861,-1.247245065332291,-13.79747416048129,0
1.4950526717654675,-1.9150969663360793,-14.592999061119608,1
4.338916497607388,1.9325933217039313,-43.0108629464762,1
3.0564835094366822,0.8552296549614464,-29.52515323770414,1
0.23523513679228136,2.95285346269272,-2.3406351213227694,0
1.4873044236942792,-0.5630723280911103,-14.556891078212658,1
2.495676971187639,-0.9661177855156355,-26.37962463248585,0
1.0459027365077767,2.327022915561747,-9.455011382414872,0
0.8955376323295966,0.6979678897658597,-8.856884219349402,0
1.0773624141548335,1.783827178533832,-11.093392273044085,1
2.300914943212642,1.5688493354823843,-24.03663593393687,0
-0.2724807842078487,1.6191144338835373,2.092828847249252,0
0.5114957967697388,0.30623313382043893,-5.927651075249137,0
1.705649717269723,-0.1429890257222166,-17.366494321077546,1
1.4671706073312332,0.9473680945277618,-16.392322668904065,0
1.3593741397845869,1.2300239772532924,-12.552879321207612,1
0.44529825054429517,-0.278519924451081,-4.657679829751214,1
2.458803683713805,-0.006810497457435005,-25.016486807170732,0
4.200802370806806,0.7389366180371937,-41.86360640194244,1
1.6096232405143094,3.1018866361890085,-16.799826267668944,0
0.7102349476752401,0.5421916358288149,-7.675674228164053,1
2.133610433341814,2.0511668996497154,-20.2027252275067,1
0.19130104487051502,-0.34611386961289936,-2.2378767336348035,0
-0.12453551705434496,-1.7368558108332501,0.4903339218122401,1
1.0492131214205678,-0.17734895550701935,-12.553116902766316,0
-2.8741949494549166,3.7483494765680088,30.166190631462115,0
-0.7309255454780141,-0.6632257681956122,6.459142612596674,1
0.4780572161187313,1.9797459834839017,-4.703655216463502,1
-1.03008328722157,-2.4282909236870296,10.220740634142025,0
-0.5489646528381944,1.328865151232796,6.337390866764112,1
0.34487749381298893,0.14733650016567812,-2.8377578137937527,1
-1.4644479402959139,0.6521219430969707,14.807732376923148,1
0.3908923056102521,0.6265489725432764,-4.681251039641442,0
0.19709475320073322,0.856167074402919,-1.5834197258318565,0
1.038107812577524,2.362704279679918,-8.46495552814957,1
2.731276045741029,0.2386128900820913,-29.236408383655633,0
1.258756624739299,-1.7308560373445108,-12.171151914074317,1
1.0315930320130955,-1.4672999025063858,-11.765119533373761,1
1.1491816855460677,1.624281985683538,-10.55248627119507,0
1.3410891626816928,1.1064114815232782,-13.548764102783636,1
-0.5251079729146535,1.208392343108112,6.243500212255501,0
0.8278370128438027,0.4578313123670882,-9.841079279899436,1
1.4631268627549197,2.2527181530840896,-13.418418296840013,0
-1.0561399738145907,1.4385113408746126,9.999740752379742,1
2.29847938422378,-0.8901869187481117,-23.357645895203298,0
2.6220640516872846,-0.06372547196687472,-27.11764133107179,0
0.052936017325916795,1.4070759805238378,-0.7745665696123867,1
0.6379933128203432,0.55520154081526,-4.5704327642763936,1
-0.31728551421510964,0.1635278853876474,1.463286698728271,1
2.0490707253817257,1.1698334185227208,-19.794675061258076,1
-0.5918334311688638,-2.513107450008709,6.7142224074799515,1
0.6662844846356195,0.753001598776293,-6.958958977836754,0
-0.2883798617115074,0.01409199567530961,2.709710454173961,1
1.0764314155169343,0.956934459505721,-11.337161195635467,0
-1.6913439072345815,1.8883342545931854,16.361690914512405,0
2.9896924635485402,2.224426259974276,-29.279090456632105,1
-0.44690963630939606,0.11460084643941393,4.895157296977195,1
1.089842024674414,2.9146293504972007,-11.265339443038677,0
0.6812154328445362,-1.0193700770275318,-6.952341520804984,1
-0.1431717678837472,-0.5555879998440374,0.9992064005357164,0
-0.3316702049539031,0.10718589353032537,2.9730939255625843,1
2.4045978153286893,2.680891771457522,-22.32197805522693,1
0.2115391103470905,1.3789693189615269,-4.286560517992439,0
1.4067552769559664,2.430832054305479,-14.589643375940538,0
-0.20224532809156215,1.78954809975844,1.7755188536646762,0
0.029227852228358997,1.0927508201357072,1.1518495091201686,0
1.7083707251317732,-1.2221729718887513,-16.696958841701164,1
2.3956127441666744,1.6044896848534382,-23.42852727426215,0
0.7370253965094701,3.8666792918008346,-9.788671200574353,0
-1.1328798074606552,0.1360448499250254,11.568715528678803,1
3.996934119625007,-0.16394930793250406,-38.91427055626981,1
-0.28482396235131424,1.037578849416139,4.183545707352201,1
-1.3123810995076814,0.8360556843031779,12.006911008081062,0
4.891636881652228,2.4460268375635237,-51.02618149701736,0
0.39395155922359426,1.7819129068027002,-3.7970674081223144,1
-1.192599032392112,2.829600936192649,11.906776608224462,0
-0.025159650183022686,1.161518302770127,1.4632957137397278,1
1.5513173440334036,0.40908746893355274,-16.4717870187264,0
1.2854673363909095,2.741105256314424,-10.570656370331195,1
-0.2775937958803849,1.2693623190434287,3.776289926908837,1
3.734085400191939,0.580837035713517,-35.66597436872255,1
0.21763048300994026,-0.1456206327776166,-1.7039744944204873,0
-0.7770298856173281,1.3780735353826683,7.017116920657925,0
2.4410400976909896,0.6499698480719402,-25.816976247742236,0
2.9935942698095235,1.066631693931207,-30.55947981001952,0
-0.2262396464243397,2.7538488119805433,2.896085219780786,1
-1.1020209395589657,1.4833992535936649,12.113709380401868,1
2.545657401123407,2.0245304455629087,-25.43040743059748,1
-2.0709854195869424,3.138124654038519,20.677299935569614,0
-0.8399324890949234,1.446082228013917,9.09556464968234,1
2.4511692250753523,2.6828602748140007,-24.84603266535608,1
0.9169711779664156,-1.1891254878185524,-8.11859756794947,1
0.6040939771109682,1.1641914581484323,-5.082609276221797,0
1.5292249097415676,3.691175992972278,-14.539576576156758,1
0.770838364681887,-1.5153286288060142,-7.916495720859587,1
-0.9480300832446353,3.1724046469553415,9.33755830484284,1
2.914113019009281,2.367786541310193,-27.982612467198614,1
2.987521079330223,2.0119065031941292,-31.05888680865403,0
1.3079988456669396,3.078549501267435,-11.404389520620008,0
1.0677010231480155,1.2211316206190412,-12.094351685115909,0
4.509437209030087,-0.7995777513860045,-47.89908440595938,0
0.5853507324762441,1.2342464703614269,-7.064318290629403,0
0.6106345272489409,-0.09689888534281987,-6.939944585725327,0
1.5467218738607582,-1.243595462870359,-17.346238080272187,1
3.2069829342135074,-0.0669534389526536,-33.981041794543934,0
3.3891561316262253,0.14086644449234043,-33.88768249319375,1
0.6121410524848432,1.1109389792806308,-6.287517922110167,0
1.4624968689390179,2.78442085006464,-13.923587308970433,1
-1.0671252005961156,1.6699506523425618,9.224118156402486,1
0.5320358381256806,1.7361163130776345,-4.317141423873471,1
-0.2604355932189597,0.42785750184631877,4.510672419061178,0
-0.5102476284484756,-1.4928118902640382,5.0980943506984495,0
3.5223650744009913,4.216667517076191,-32.9662865257693,1
-0.18842999270921745,3.0547008097228936,2.158589081043164,0
0.20259113798281758,2.8754841724163187,0.0021033281103945978,1
1.5487731818752875,3.318608893276384,-14.070138422187389,1
2.946737900460378,1.4892272460083475,-30.45990581242741,1
1.721672689583253,2.6632932307507633,-17.886107657586614,0
5.139032671032373,0.22052433991493636,-49.33953397353264,1
0.8879980326232757,-1.1287714883950049,-8.677249315014071,1
1.388074660344619,2.8653092472827923,-13.648479938394992,1
1.4134010109760844,0.886008821957435,-12.590184338197332,1
3.1525740801837316,-0.992296983278337,-31.624305148141104,1
1.760858426664423,-1.723466150230084,-17.249635008604674,1
0.8256554494192764,0.3909130246116871,-7.7728326394361265,1
-0.42123289236031924,2.728108869222625,4.046869410532403,0
1.3666651839424488,-1.012318076394707,-14.232922359455317,0
3.1020172469379395,1.0959622446451052,-29.643662432036272,1
0.38442730951319415,0.4057406233663381,-3.336894320609485,1
1.7934154276248733,3.023185610348185,-18.395125301892087,1
1.3692216830272663,0.030327635525766006,-15.343503850429135,0
2.295279487571972,1.8589006420441305,-23.296838197569357,1
-0.20713061095680407,0.23186666672566858,2.0323915639648753,1
4.5199705457898425,1.703428200677916,-44.4832147534061,1
-0.9187416605423873,-0.9369962221740149,8.177313436777695,1
0.451673365020944,1.3249990482486365,-5.295380053094447,0
2.407138811358468,-1.0795770164103011,-25.124678814470922,1
1.44509975874117,-1.2927956738252702,-14.610629019540385,0
2.2449792386216547,0.7814873545633332,-23.386940968259694,0
0.2558464990261564,-1.1114899290044193,-3.9204927148060755,0
0.8877925259794884,1.6327842021409795,-9.204080945917342,0
1.018347975458226,2.7409107250574025,-9.24780599444675,0
3.3538894218038564,1.0431933043514707,-33.62850482504853,1
2.0356435365745735,1.5533051858295386,-18.646582723736678,1
2.195008162547007,2.3673302396047204,-23.150699707915983,0
0.0131108611948072,4.0286151457200265,0.06926177568273689,1
2.4533239578445762,0.3800110053365017,-25.41587653768068,0
1.3383724953532052,1.823731939527682,-11.72268868162822,1
3.083717973516891,1.8768386618230646,-30.080807376592634,1
4.021090232377702,-1.7958295481947109,-40.57310704893393,1
0.5398513359594932,1.7026369298376633,-6.925217017601608,0
0.3905453043324062,0.9487035801335344,-5.362646653432562,1
-0.2960674866535542,1.1412003667092836,1.3670180379515395,0
0.7846307324255192,2.939817532762898,-7.648030942233982,1
0.4269618265744246,-2.338650576685232,-5.398613567623767,0
1.5392565993565153,-0.17785364919530378,-15.174912958253898,1
0.783149774599396,1.7574193471421866,-8.848316043685958,0
0.4576010788275703,-1.2448149766504857,-5.529659849247272,0
2.596877704191778,-0.5387161191915633,-25.94608308280189,1
-0.4068203467271776,0.8956544344321654,4.692905818335162,1
1.6496619297270154,-0.004444098919151207,-15.247601707309913,1
0.3910874092172749,3.0011206504681924,-3.6959863662824484,0
2.0865527573049465,1.1868636840076727,-21.450763756012318,1
3.077892320083346,1.9894633139391211,-29.53848301836328,1
0.5453526198638909,1.216963169369266,-4.982561221236806,0
1.661549360909727,1.3064333689487688,-17.004828287541788,0
1.2681892985997698,0.44756872850504215,-13.792302288540585,0
-0.1991335993146448,2.540635330114264,2.661583202193351,1
1.3611812646129078,1.9536165699096586,-13.732944025129093,0
1.4336807579182183,-1.612192296380675,-18.026586089507934,0
1.619306230669262,1.9590059004474367,-15.234623856230733,1
0.7024016547699314,2.0437866605117234,-8.801562262892563,1
1.1412884504652199,0.49493776873020146,-11.205400172070508,0
-0.7214164172647028,2.6505727166563733,7.348381392184518,0
0.46282888678021483,0.23543973308207988,-3.6196310635639675,0
1.833944019564697,1.090247381981134,-19.170474970736052,0
2.3387108309972957,3.380924614391488,-23.82024229530713,1
0.36652776381209395,0.6118196997046281,-3.741560904079149,1
1.1570710441499266,1.8028448149109098,-10.973288369173023,0
1.342079987686101,-0.04927209050232184,-13.930870034810948,0
1.3022199200566493,1.913476657359414,-13.65692241132282,0
1.8111603779505854,1.4775165753103119,-17.016862979587373,1
-1.727116445575354,1.4198932448172212,17.14663280899445,1
0.9260138947786412,1.3967136595518,-9.0865105787736,1
1.3585504018701473,4.192713177222988,-11.956018561704475,1
-0.5004955234305581,3.164930840900006,6.463022276008169,1
3.5109785605160653,3.0325314525473823,-33.8156742637749,1
1.242338900857252,0.3521138276903185,-12.468456392425924,1
3.345107117543394,1.835286220432938,-33.2909188553795,0
-0.18578453274961593,0.5576189463299472,3.0049409267421816,1
-0.3609501822879906,0.6862512323912932,4.472640493958875,0
1.336378331448523,-0.10979199904304693,-15.113898197391135,0
-1.5180325442429847,1.497718246389043,15.026648080289457,1
1.3224483859391403,-0.008741982185932695,-13.71173089191019,1
1.145828848004377,0.24631191738888747,-12.075192391582613,0
2.523497922313152,-0.6658069769542103,-26.003352701768595,0
2.0515620117476456,-0.847915087166482,-21.235297927445338,0
0.373783975172449,-0.6696836075173747,-4.36238495341526,0
-0.6462449821553671,0.8359617332497133,7.993653472412369,0
