,Mean Relative CATE Error (percentage),Method,#Covariates
0,25.24185050450052,MALTS,2
1,28.511591715067993,MALTS,2
2,20.882643060273043,MALTS,2
3,13.278188646085749,MALTS,2
4,9.687344440042805,MALTS,2
5,19.009225366557104,MALTS,2
6,29.924506986300127,MALTS,2
7,19.589217713749797,MALTS,2
8,15.578172820069927,MALTS,2
9,1.0472464901240457,MALTS,2
10,35.69288169720687,MALTS,2
11,18.53610662745594,MALTS,2
12,10.89345764473661,MALTS,2
13,31.649191085489587,MALTS,2
14,32.80936140004536,MALTS,2
15,28.311087382625395,MALTS,2
16,37.0206350338378,MALTS,2
17,26.603324188183834,MALTS,2
18,26.382315847982042,MALTS,2
19,45.25678315224217,MALTS,2
20,19.938521483909533,MALTS,2
21,35.534711319612434,MALTS,2
22,17.053632097572745,MALTS,2
23,28.00286978924977,MALTS,2
24,28.046842672655846,MALTS,2
25,28.059121562471514,MALTS,2
26,18.441268439417463,MALTS,2
27,27.15019197348404,MALTS,2
28,13.13308204159264,MALTS,2
29,29.41348176537743,MALTS,2
30,27.902162540521992,MALTS,2
31,6.801370230090393,MALTS,2
32,13.275503857555664,MALTS,2
33,14.395838157704503,MALTS,2
34,36.645267850667565,MALTS,2
35,31.202062447950212,MALTS,2
36,5.6017800786530785,MALTS,2
37,32.49793778944244,MALTS,2
38,15.996089544575776,MALTS,2
39,11.587353339572223,MALTS,2
40,20.14918007652606,MALTS,2
41,33.62575218828402,MALTS,2
42,10.355532418761882,MALTS,2
43,16.4940998347451,MALTS,2
44,9.021188378634886,MALTS,2
45,30.034030260880634,MALTS,2
46,31.50864626989894,MALTS,2
47,15.918339861342488,MALTS,2
48,5.556467440275908,MALTS,2
49,21.399832564032003,MALTS,2
50,18.305361664188897,MALTS,4
51,12.445320359392193,MALTS,4
52,7.908050940207509,MALTS,4
53,14.950933304358387,MALTS,4
54,14.196511700118062,MALTS,4
55,18.2876960252882,MALTS,4
56,16.819626867423995,MALTS,4
57,19.037775365198154,MALTS,4
58,14.205601288575597,MALTS,4
59,15.992686901076361,MALTS,4
60,20.24245978478593,MALTS,4
61,11.524145195327025,MALTS,4
62,23.453583362163144,MALTS,4
63,16.286602416600367,MALTS,4
64,11.91960269917462,MALTS,4
65,18.88154093133829,MALTS,4
66,21.76772364575395,MALTS,4
67,16.14543041376794,MALTS,4
68,19.677257170075592,MALTS,4
69,13.417200583400746,MALTS,4
70,15.617107271271642,MALTS,4
71,19.101142068118424,MALTS,4
72,14.648831898223605,MALTS,4
73,15.186360889737408,MALTS,4
74,11.019109181136772,MALTS,4
75,9.44640483702953,MALTS,4
76,2.588735696796183,MALTS,4
77,14.56737589815838,MALTS,4
78,14.555992235692804,MALTS,4
79,8.80573470682396,MALTS,4
80,15.029842955600971,MALTS,4
81,7.323335098111462,MALTS,4
82,18.44067021590156,MALTS,4
83,10.27187005311565,MALTS,4
84,15.955150504723958,MALTS,4
85,10.628718939458649,MALTS,4
86,22.296126873074908,MALTS,4
87,15.659433824266394,MALTS,4
88,17.232583354519356,MALTS,4
89,13.936753859547576,MALTS,4
90,20.928234420358827,MALTS,4
91,17.613070970102115,MALTS,4
92,14.686521575178977,MALTS,4
93,11.066996966441272,MALTS,4
94,9.880705668453238,MALTS,4
95,15.477729306971614,MALTS,4
96,19.41181502133567,MALTS,4
97,12.848234920872073,MALTS,4
98,19.6301100242784,MALTS,4
99,15.742275153239314,MALTS,4
100,17.18137957811953,MALTS,8
101,16.11519314529996,MALTS,8
102,17.33312910498284,MALTS,8
103,15.223944335997956,MALTS,8
104,17.587883565351653,MALTS,8
105,17.148099906558755,MALTS,8
106,15.153718349237561,MALTS,8
107,16.754675502449246,MALTS,8
108,15.381197379305712,MALTS,8
109,16.611144094213458,MALTS,8
110,17.912679223720612,MALTS,8
111,18.53067551397562,MALTS,8
112,16.453596091939975,MALTS,8
113,17.473418103576623,MALTS,8
114,15.658074812171574,MALTS,8
115,16.704569633599988,MALTS,8
116,15.019093851535757,MALTS,8
117,16.669209086713554,MALTS,8
118,16.751251704786455,MALTS,8
119,15.300441860923721,MALTS,8
120,17.50536598787394,MALTS,8
121,18.361270133164098,MALTS,8
122,15.842839086489006,MALTS,8
123,17.631866150417242,MALTS,8
124,17.04953332038498,MALTS,8
125,15.891379254837679,MALTS,8
126,16.887671880885733,MALTS,8
127,14.37418577431475,MALTS,8
128,15.63755834585525,MALTS,8
129,16.456212036471626,MALTS,8
130,16.20226607366897,MALTS,8
131,17.268897950465124,MALTS,8
132,17.8885148220426,MALTS,8
133,17.832231544705934,MALTS,8
134,15.220101403740271,MALTS,8
135,17.76190206803661,MALTS,8
136,17.657650211926022,MALTS,8
137,17.57425430877067,MALTS,8
138,16.28367407242591,MALTS,8
139,16.650200339305666,MALTS,8
140,18.196862980976967,MALTS,8
141,15.471031868883303,MALTS,8
142,18.55657058463023,MALTS,8
143,17.090420991048067,MALTS,8
144,16.96847503529347,MALTS,8
145,16.016689491540024,MALTS,8
146,16.257236452775484,MALTS,8
147,15.467840407206243,MALTS,8
148,16.02029483865147,MALTS,8
149,12.930414167050536,MALTS,8
150,16.103130283589927,MALTS,32
151,15.150033489476568,MALTS,32
152,15.23312075399057,MALTS,32
153,15.980016359888117,MALTS,32
154,14.703996795564407,MALTS,32
155,14.907772436637224,MALTS,32
156,15.738898008498358,MALTS,32
157,14.898721097164655,MALTS,32
158,15.765387975116447,MALTS,32
159,14.289471541584543,MALTS,32
160,15.055177101058003,MALTS,32
161,15.796172561132048,MALTS,32
162,15.593943484558068,MALTS,32
163,14.951647159276726,MALTS,32
164,15.367466764566718,MALTS,32
165,15.897417742823444,MALTS,32
166,14.910812005469847,MALTS,32
167,14.99834073308526,MALTS,32
168,14.691353388743844,MALTS,32
169,16.065777893676685,MALTS,32
170,15.150074810400316,MALTS,32
171,14.219083965203183,MALTS,32
172,14.944595234929364,MALTS,32
173,15.202281701682958,MALTS,32
174,14.805363388307697,MALTS,32
175,14.83059994334538,MALTS,32
176,15.002528483691304,MALTS,32
177,14.525951417705041,MALTS,32
178,14.558172390937973,MALTS,32
179,15.054201861775384,MALTS,32
180,15.074113024011833,MALTS,32
181,15.165551717466478,MALTS,32
182,15.049021050169205,MALTS,32
183,14.833057777745418,MALTS,32
184,15.111683623566613,MALTS,32
185,14.624830557619084,MALTS,32
186,15.519353863297189,MALTS,32
187,15.706511347601646,MALTS,32
188,15.817821134457242,MALTS,32
189,15.279900717097153,MALTS,32
190,15.002832469287563,MALTS,32
191,14.943885613929998,MALTS,32
192,14.300851544893865,MALTS,32
193,14.604651209675936,MALTS,32
194,14.966741159322801,MALTS,32
195,15.071560542834487,MALTS,32
196,14.964322317920145,MALTS,32
197,14.847880226747987,MALTS,32
198,15.33037649043508,MALTS,32
199,15.935343580975601,MALTS,32
200,13.328357415834041,MALTS,256
201,14.832078432673855,MALTS,256
202,13.358473586110657,MALTS,256
203,13.531308590177884,MALTS,256
204,13.640350760453046,MALTS,256
205,12.518446749712918,MALTS,256
206,13.469901713870867,MALTS,256
207,12.752994052450601,MALTS,256
208,13.650108464287708,MALTS,256
209,13.600501847589694,MALTS,256
210,13.655481591824591,MALTS,256
211,13.807448863416116,MALTS,256
212,14.052836626193114,MALTS,256
213,13.003674409813625,MALTS,256
214,12.612186896990382,MALTS,256
215,13.209517447392328,MALTS,256
216,13.03764559447168,MALTS,256
217,12.24229402963686,MALTS,256
218,13.261983774370378,MALTS,256
219,14.331415872584381,MALTS,256
220,13.45794106742372,MALTS,256
221,12.25667552011844,MALTS,256
222,12.669089442730218,MALTS,256
223,12.004030217776455,MALTS,256
224,13.155015559623632,MALTS,256
225,14.375063098588047,MALTS,256
226,13.1933092772398,MALTS,256
227,13.750577274173345,MALTS,256
228,13.839778585672983,MALTS,256
229,14.601208298112624,MALTS,256
230,13.249506165726627,MALTS,256
231,13.356485298447295,MALTS,256
232,12.61562002295201,MALTS,256
233,14.056667066600529,MALTS,256
234,13.089111434872757,MALTS,256
235,13.241190709690347,MALTS,256
236,13.530268499697662,MALTS,256
237,12.506975462215866,MALTS,256
238,12.866903249153806,MALTS,256
239,15.167588307888334,MALTS,256
240,12.22785139748767,MALTS,256
241,13.264971460248752,MALTS,256
242,13.637140883292266,MALTS,256
243,13.932345812189652,MALTS,256
244,13.560724929630211,MALTS,256
245,12.9428646432441,MALTS,256
246,13.295056864860392,MALTS,256
247,13.303997040748936,MALTS,256
248,12.711686122979486,MALTS,256
249,12.367713348719166,MALTS,256
250,10.030262975651192,MALTS,512
251,9.662565360790921,MALTS,512
252,10.386968237560664,MALTS,512
253,9.57939305783188,MALTS,512
254,10.070044060797173,MALTS,512
255,10.07388105020745,MALTS,512
256,10.042148523617456,MALTS,512
257,9.940625828876247,MALTS,512
258,9.946128155531396,MALTS,512
259,10.028570360084917,MALTS,512
260,10.364133352045034,MALTS,512
261,10.189824192491924,MALTS,512
262,10.153212354714135,MALTS,512
263,9.951634441043094,MALTS,512
264,10.168848976450318,MALTS,512
265,9.789013271842931,MALTS,512
266,10.372935617481135,MALTS,512
267,9.540298311484339,MALTS,512
268,10.521462081989611,MALTS,512
269,9.743176885049065,MALTS,512
270,10.429415317385695,MALTS,512
271,10.173721832241915,MALTS,512
272,9.89915012199213,MALTS,512
273,9.720435688387306,MALTS,512
274,9.800248112490973,MALTS,512
275,10.087640141979664,MALTS,512
276,10.202813019616386,MALTS,512
277,10.212861781282932,MALTS,512
278,10.428650023586775,MALTS,512
279,10.046661632704017,MALTS,512
280,9.718117794699811,MALTS,512
281,9.556513203539982,MALTS,512
282,9.934505558539634,MALTS,512
283,10.09246867540964,MALTS,512
284,10.205046677657057,MALTS,512
285,9.738484429175616,MALTS,512
286,9.54568067268011,MALTS,512
287,10.320737097127413,MALTS,512
288,10.300170742439914,MALTS,512
289,9.320128515341596,MALTS,512
290,10.197427286856357,MALTS,512
291,10.073549191974326,MALTS,512
292,10.057004568371697,MALTS,512
293,10.095416266090476,MALTS,512
294,9.814846189287588,MALTS,512
295,9.99796589900769,MALTS,512
296,10.582551291088652,MALTS,512
297,10.000013878634876,MALTS,512
298,9.936942346083107,MALTS,512
299,10.026905856864953,MALTS,512
300,33.59213591087251,BART,2
301,23.745439827314243,BART,2
302,49.53740472302084,BART,2
303,59.44644481350852,BART,2
304,142.19020568553114,BART,2
305,76.19564799147999,BART,2
306,53.24682993859852,BART,2
307,69.45113864926267,BART,2
308,136.1152258574977,BART,2
309,96.72694902090733,BART,2
310,22.79001985670221,BART,2
311,14.602744054009506,BART,2
312,67.2648573078052,BART,2
313,118.44478503901232,BART,2
314,145.73674466230523,BART,2
315,73.01004036193414,BART,2
316,82.72629203565735,BART,2
317,18.76403366751311,BART,2
318,130.596704058448,BART,2
319,95.21326610587008,BART,2
320,184.06342977856468,BART,2
321,50.03764419170493,BART,2
322,79.52050146129893,BART,2
323,65.55627607314726,BART,2
324,75.39596127183925,BART,2
325,80.14656809576593,BART,2
326,87.5575719661136,BART,2
327,64.82271888202456,BART,2
328,108.58236722472694,BART,2
329,47.55712683021913,BART,2
330,106.5130118107435,BART,2
331,84.559811846884,BART,2
332,116.5909817940707,BART,2
333,78.57736205265137,BART,2
334,98.94106755144568,BART,2
335,69.60898712999096,BART,2
336,59.660950268671336,BART,2
337,41.07091213972183,BART,2
338,75.07556717417852,BART,2
339,95.02877644438196,BART,2
340,12.80059939671704,BART,2
341,51.04903040888801,BART,2
342,77.23848533187333,BART,2
343,69.40403720156338,BART,2
344,81.01120665279676,BART,2
345,96.56846416206736,BART,2
346,53.031089362511864,BART,2
347,32.12332692236679,BART,2
348,35.284423275067624,BART,2
349,129.1513328540922,BART,2
350,77.78333475311268,BART,4
351,35.4658520139777,BART,4
352,67.23982452814468,BART,4
353,71.77121804232434,BART,4
354,63.66036308504493,BART,4
355,34.22049211006801,BART,4
356,97.01518827639089,BART,4
357,83.9104121579359,BART,4
358,24.2783971329699,BART,4
359,16.233137955307008,BART,4
360,45.86604659838306,BART,4
361,113.8051775665839,BART,4
362,13.362941549818338,BART,4
363,51.19142233493501,BART,4
364,95.0435770140369,BART,4
365,88.44967965500136,BART,4
366,51.69555209916121,BART,4
367,97.72006291575676,BART,4
368,37.74430815581569,BART,4
369,124.05715385273619,BART,4
370,51.668041247606,BART,4
371,43.66169152285396,BART,4
372,46.179127653706715,BART,4
373,1.9216718408567033,BART,4
374,48.80549131153596,BART,4
375,100.95864946774451,BART,4
376,14.804497761232938,BART,4
377,76.40057890229818,BART,4
378,27.06924455418772,BART,4
379,23.088125992589077,BART,4
380,33.29036938514499,BART,4
381,93.7454887836828,BART,4
382,61.77567345951525,BART,4
383,87.25592646011317,BART,4
384,89.47262428812286,BART,4
385,92.57529710762665,BART,4
386,63.83694207618653,BART,4
387,104.17202291611315,BART,4
388,83.64785840952163,BART,4
389,90.11711249656993,BART,4
390,64.83640985799626,BART,4
391,80.45157238049075,BART,4
392,84.90396893008868,BART,4
393,36.48709820718035,BART,4
394,29.430759292263808,BART,4
395,57.321325453638956,BART,4
396,56.07591640523355,BART,4
397,57.6069440614751,BART,4
398,81.95518480813286,BART,4
399,89.97305596777898,BART,4
400,50.94230601495985,BART,8
401,61.93669599176326,BART,8
402,47.17887220134323,BART,8
403,45.22192752239937,BART,8
404,48.95553384378634,BART,8
405,49.09795021594621,BART,8
406,45.74814300948684,BART,8
407,60.119000976655734,BART,8
408,54.1250401233603,BART,8
409,54.04538585296839,BART,8
410,49.42970064203886,BART,8
411,45.236406645829206,BART,8
412,45.984276598878196,BART,8
413,52.138215401560025,BART,8
414,48.33727314521554,BART,8
415,53.406766103204,BART,8
416,39.40275698975692,BART,8
417,54.45343014443529,BART,8
418,48.68027927540535,BART,8
419,40.74074002743607,BART,8
420,43.7381568743968,BART,8
421,49.15734949652326,BART,8
422,46.186014583398865,BART,8
423,46.49318233193643,BART,8
424,38.330941734938484,BART,8
425,60.58093478822712,BART,8
426,48.58624497952454,BART,8
427,52.35678642148628,BART,8
428,50.98037954091221,BART,8
429,49.11061033226887,BART,8
430,47.103353573342275,BART,8
431,41.23649951842013,BART,8
432,59.71577207331295,BART,8
433,55.559317060238655,BART,8
434,46.93265311737292,BART,8
435,51.003250056299784,BART,8
436,55.474815022824224,BART,8
437,54.80323571045035,BART,8
438,44.45903589349767,BART,8
439,50.35974858811992,BART,8
440,44.44176208853107,BART,8
441,51.12880481032948,BART,8
442,55.05139691571997,BART,8
443,55.21747725300103,BART,8
444,46.08418555974811,BART,8
445,51.805914402151444,BART,8
446,44.43880269557549,BART,8
447,52.4232519430362,BART,8
448,48.76225763834587,BART,8
449,48.77082206683762,BART,8
450,24.436332126865356,BART,32
451,23.685612738169638,BART,32
452,23.943501732475298,BART,32
453,23.826513452335632,BART,32
454,24.93999055373158,BART,32
455,24.362924259293305,BART,32
456,24.1378588580009,BART,32
457,24.20667485168684,BART,32
458,23.43609020670069,BART,32
459,24.516797066366124,BART,32
460,23.796663570181078,BART,32
461,23.966922333997857,BART,32
462,24.057162326202974,BART,32
463,24.172559776079932,BART,32
464,24.712729073075174,BART,32
465,24.079927357083555,BART,32
466,24.27472785035547,BART,32
467,24.61875871899133,BART,32
468,24.2333444889446,BART,32
469,24.811234934332614,BART,32
470,23.498295965696396,BART,32
471,24.41440151057342,BART,32
472,23.89566851853467,BART,32
473,23.914773446117625,BART,32
474,24.09991812609637,BART,32
475,24.349195353520837,BART,32
476,23.792441710266523,BART,32
477,24.301893166106826,BART,32
478,25.44907998365063,BART,32
479,25.533976677979016,BART,32
480,25.133395159354926,BART,32
481,24.17547256662092,BART,32
482,23.173080940376643,BART,32
483,23.962893024824712,BART,32
484,24.221190696451785,BART,32
485,24.524441091552976,BART,32
486,24.47465691780551,BART,32
487,24.306775941710153,BART,32
488,25.034070785365667,BART,32
489,24.065884728986237,BART,32
490,24.46496800482622,BART,32
491,24.54155943575312,BART,32
492,24.268800655075527,BART,32
493,24.053397765802213,BART,32
494,24.50234470661991,BART,32
495,25.0544733743533,BART,32
496,23.53290236719137,BART,32
497,24.489248611440413,BART,32
498,23.65438324699901,BART,32
499,24.98789742958092,BART,32
500,,BART,256
501,,BART,256
502,,BART,256
503,,BART,256
504,,BART,256
505,,BART,256
506,,BART,256
507,,BART,256
508,,BART,256
509,,BART,256
510,,BART,256
511,,BART,256
512,,BART,256
513,,BART,256
514,,BART,256
515,,BART,256
516,,BART,256
517,,BART,256
518,,BART,256
519,,BART,256
520,,BART,256
521,,BART,256
522,,BART,256
523,,BART,256
524,,BART,256
525,,BART,256
526,,BART,256
527,,BART,256
528,,BART,256
529,,BART,256
530,,BART,256
531,,BART,256
532,,BART,256
533,,BART,256
534,,BART,256
535,,BART,256
536,,BART,256
537,,BART,256
538,,BART,256
539,,BART,256
540,,BART,256
541,,BART,256
542,,BART,256
543,,BART,256
544,,BART,256
545,,BART,256
546,,BART,256
547,,BART,256
548,,BART,256
549,,BART,256
550,,BART,512
551,,BART,512
552,,BART,512
553,,BART,512
554,,BART,512
555,,BART,512
556,,BART,512
557,,BART,512
558,,BART,512
559,,BART,512
560,,BART,512
561,,BART,512
562,,BART,512
563,,BART,512
564,,BART,512
565,,BART,512
566,,BART,512
567,,BART,512
568,,BART,512
569,,BART,512
570,,BART,512
571,,BART,512
572,,BART,512
573,,BART,512
574,,BART,512
575,,BART,512
576,,BART,512
577,,BART,512
578,,BART,512
579,,BART,512
580,,BART,512
581,,BART,512
582,,BART,512
583,,BART,512
584,,BART,512
585,,BART,512
586,,BART,512
587,,BART,512
588,,BART,512
589,,BART,512
590,,BART,512
591,,BART,512
592,,BART,512
593,,BART,512
594,,BART,512
595,,BART,512
596,,BART,512
597,,BART,512
598,,BART,512
599,,BART,512
600,42.47137190754365,Causal Forest,2
601,47.92492618434341,Causal Forest,2
602,44.59735478288815,Causal Forest,2
603,39.50692716299389,Causal Forest,2
604,47.1399865869398,Causal Forest,2
605,36.36951791321461,Causal Forest,2
606,39.35918353461153,Causal Forest,2
607,43.07793620180402,Causal Forest,2
608,33.812167142772765,Causal Forest,2
609,39.824721664240975,Causal Forest,2
610,49.508049934646756,Causal Forest,2
611,44.97701546062588,Causal Forest,2
612,46.61096700804273,Causal Forest,2
613,45.527455658154196,Causal Forest,2
614,51.940233704398445,Causal Forest,2
615,51.07116606444494,Causal Forest,2
616,47.330634992426184,Causal Forest,2
617,46.37734578710509,Causal Forest,2
618,44.61609455006532,Causal Forest,2
619,49.66105551399924,Causal Forest,2
620,45.63601830435187,Causal Forest,2
621,35.0557607391406,Causal Forest,2
622,54.68362842798315,Causal Forest,2
623,45.786496898686316,Causal Forest,2
624,50.557507610570674,Causal Forest,2
625,46.61960423270317,Causal Forest,2
626,47.579937171167046,Causal Forest,2
627,43.04010205043316,Causal Forest,2
628,51.90382463060016,Causal Forest,2
629,49.94103016935134,Causal Forest,2
630,45.4576898087011,Causal Forest,2
631,37.496878267604146,Causal Forest,2
632,36.35323270656914,Causal Forest,2
633,38.22750923409668,Causal Forest,2
634,57.22430507096661,Causal Forest,2
635,52.48084314691093,Causal Forest,2
636,39.34161306912982,Causal Forest,2
637,52.71482389676803,Causal Forest,2
638,49.42356889508974,Causal Forest,2
639,43.17200036621023,Causal Forest,2
640,50.83249457370874,Causal Forest,2
641,42.7096568353052,Causal Forest,2
642,44.74909647613238,Causal Forest,2
643,45.77392711251593,Causal Forest,2
644,47.04746075063165,Causal Forest,2
645,45.73561303303617,Causal Forest,2
646,47.20688225681774,Causal Forest,2
647,39.85145887635114,Causal Forest,2
648,43.51418766904501,Causal Forest,2
649,37.53704840314223,Causal Forest,2
650,114.1667017684043,Causal Forest,4
651,101.31437911830722,Causal Forest,4
652,71.10933533822875,Causal Forest,4
653,80.68676917066624,Causal Forest,4
654,73.45358942866015,Causal Forest,4
655,95.97162308975135,Causal Forest,4
656,40.257966390115975,Causal Forest,4
657,74.74671606051929,Causal Forest,4
658,84.74952326480202,Causal Forest,4
659,77.87271565366574,Causal Forest,4
660,66.26130481976455,Causal Forest,4
661,132.7290542072712,Causal Forest,4
662,73.88559541612926,Causal Forest,4
663,78.5548626336189,Causal Forest,4
664,60.06792323403337,Causal Forest,4
665,85.43115712744381,Causal Forest,4
666,92.9600826839138,Causal Forest,4
667,73.02369244665181,Causal Forest,4
668,93.49040064952557,Causal Forest,4
669,93.11173684816164,Causal Forest,4
670,95.84235382866967,Causal Forest,4
671,76.2583388939739,Causal Forest,4
672,57.837435661479745,Causal Forest,4
673,110.30921097040587,Causal Forest,4
674,83.50983081253148,Causal Forest,4
675,85.2064572656321,Causal Forest,4
676,104.22205736437134,Causal Forest,4
677,52.18111705550904,Causal Forest,4
678,68.89164989739709,Causal Forest,4
679,76.84024938645251,Causal Forest,4
680,101.34680519314537,Causal Forest,4
681,61.2350595787002,Causal Forest,4
682,98.96884769017912,Causal Forest,4
683,83.15470325270891,Causal Forest,4
684,79.95572466202961,Causal Forest,4
685,61.96658370133312,Causal Forest,4
686,86.72442469983923,Causal Forest,4
687,87.1089591450306,Causal Forest,4
688,104.44904493767183,Causal Forest,4
689,87.5542334824064,Causal Forest,4
690,99.40867645924861,Causal Forest,4
691,90.33431541025679,Causal Forest,4
692,78.74961085209779,Causal Forest,4
693,54.55858267429736,Causal Forest,4
694,81.94013043957727,Causal Forest,4
695,73.04307542978188,Causal Forest,4
696,90.12120899367281,Causal Forest,4
697,83.70326002596452,Causal Forest,4
698,77.16189972798583,Causal Forest,4
699,109.79515861787685,Causal Forest,4
700,97.72322523866417,Causal Forest,8
701,98.03282033249906,Causal Forest,8
702,97.33652505158008,Causal Forest,8
703,81.69459749443745,Causal Forest,8
704,100.59732083370425,Causal Forest,8
705,86.85597850828884,Causal Forest,8
706,83.66869649709407,Causal Forest,8
707,83.30369716364028,Causal Forest,8
708,91.5516632642726,Causal Forest,8
709,91.72786649322498,Causal Forest,8
710,91.02593859705229,Causal Forest,8
711,87.23066662693046,Causal Forest,8
712,92.42355344991336,Causal Forest,8
713,79.16155266105922,Causal Forest,8
714,82.73121466575078,Causal Forest,8
715,87.18809347640624,Causal Forest,8
716,86.76597258513958,Causal Forest,8
717,101.07714636442299,Causal Forest,8
718,79.02544775616485,Causal Forest,8
719,83.3873563136178,Causal Forest,8
720,84.67036743754007,Causal Forest,8
721,92.57056469888695,Causal Forest,8
722,90.25168877488298,Causal Forest,8
723,94.27509148463534,Causal Forest,8
724,81.50750973041622,Causal Forest,8
725,87.4631918958288,Causal Forest,8
726,103.5543287398256,Causal Forest,8
727,91.67996158310639,Causal Forest,8
728,78.73556081888277,Causal Forest,8
729,82.3987769873232,Causal Forest,8
730,97.40267479419495,Causal Forest,8
731,82.90319988725227,Causal Forest,8
732,88.76115834814178,Causal Forest,8
733,79.6533593986667,Causal Forest,8
734,89.93660817520858,Causal Forest,8
735,79.93183624456184,Causal Forest,8
736,89.40192307518112,Causal Forest,8
737,93.19331942759295,Causal Forest,8
738,97.69711870778303,Causal Forest,8
739,92.3333165629545,Causal Forest,8
740,85.29082497077975,Causal Forest,8
741,82.54835210786655,Causal Forest,8
742,90.4211915964827,Causal Forest,8
743,91.60846399376497,Causal Forest,8
744,93.9819231472785,Causal Forest,8
745,91.1966074911912,Causal Forest,8
746,88.15390981444351,Causal Forest,8
747,80.8636826360918,Causal Forest,8
748,98.0511210992484,Causal Forest,8
749,101.2896461099835,Causal Forest,8
750,55.69828887345762,Causal Forest,32
751,56.189357329124654,Causal Forest,32
752,55.38452860580409,Causal Forest,32
753,55.20832348155025,Causal Forest,32
754,55.00870626674942,Causal Forest,32
755,55.94406452969413,Causal Forest,32
756,55.64587220326093,Causal Forest,32
757,55.272590667038145,Causal Forest,32
758,53.59265132353849,Causal Forest,32
759,56.68131360889903,Causal Forest,32
760,55.0914071784732,Causal Forest,32
761,54.835762797423094,Causal Forest,32
762,53.956211969639995,Causal Forest,32
763,56.185569102670826,Causal Forest,32
764,57.21137978357778,Causal Forest,32
765,57.58690303602981,Causal Forest,32
766,55.15624322481275,Causal Forest,32
767,53.01898154107158,Causal Forest,32
768,54.55511313129771,Causal Forest,32
769,55.59767005765227,Causal Forest,32
770,56.5629623637679,Causal Forest,32
771,55.85922033185931,Causal Forest,32
772,55.89300128898684,Causal Forest,32
773,55.58670756776555,Causal Forest,32
774,57.329609394911614,Causal Forest,32
775,57.33333367384242,Causal Forest,32
776,56.710545984784446,Causal Forest,32
777,52.54583218063774,Causal Forest,32
778,54.3121288230387,Causal Forest,32
779,56.33681905965949,Causal Forest,32
780,52.04156057440795,Causal Forest,32
781,57.55813264714639,Causal Forest,32
782,57.15779081383659,Causal Forest,32
783,55.90461968315564,Causal Forest,32
784,55.01011968681057,Causal Forest,32
785,55.37341010918163,Causal Forest,32
786,55.91298727229667,Causal Forest,32
787,54.26012980594968,Causal Forest,32
788,52.61788679386066,Causal Forest,32
789,56.12739823567287,Causal Forest,32
790,55.998879267455365,Causal Forest,32
791,56.19408619257902,Causal Forest,32
792,56.89902398683106,Causal Forest,32
793,52.83434179768096,Causal Forest,32
794,53.28513830958978,Causal Forest,32
795,53.43633611302508,Causal Forest,32
796,55.722602577050324,Causal Forest,32
797,56.196585704458535,Causal Forest,32
798,55.93543046066273,Causal Forest,32
799,55.83669281060568,Causal Forest,32
800,20.367582678511347,Causal Forest,256
801,21.0966722015622,Causal Forest,256
802,20.37619373087058,Causal Forest,256
803,21.027931746683763,Causal Forest,256
804,20.893522352068985,Causal Forest,256
805,20.884063488616512,Causal Forest,256
806,20.74042907126807,Causal Forest,256
807,20.967895171693655,Causal Forest,256
808,20.62635646278568,Causal Forest,256
809,20.628188533001122,Causal Forest,256
810,20.90634663538134,Causal Forest,256
811,20.54950998410967,Causal Forest,256
812,20.52926279441015,Causal Forest,256
813,20.937541528669627,Causal Forest,256
814,20.403801887176805,Causal Forest,256
815,20.99317889532216,Causal Forest,256
816,20.912754191354836,Causal Forest,256
817,20.8001998876746,Causal Forest,256
818,20.800249640820066,Causal Forest,256
819,20.922916943115947,Causal Forest,256
820,20.190252816572944,Causal Forest,256
821,20.537107969572382,Causal Forest,256
822,20.762777701961625,Causal Forest,256
823,20.379313574020824,Causal Forest,256
824,20.517879390545442,Causal Forest,256
825,20.932127510083607,Causal Forest,256
826,20.845347424086683,Causal Forest,256
827,20.784326033105774,Causal Forest,256
828,20.761482675702116,Causal Forest,256
829,20.469813912503152,Causal Forest,256
830,20.767270146648595,Causal Forest,256
831,20.262272214421813,Causal Forest,256
832,21.135508876292274,Causal Forest,256
833,20.72276416311138,Causal Forest,256
834,20.813376460640136,Causal Forest,256
835,20.914545441489768,Causal Forest,256
836,20.504027482825034,Causal Forest,256
837,21.184807370684087,Causal Forest,256
838,20.68400661305445,Causal Forest,256
839,20.621108580739268,Causal Forest,256
840,20.67006798028042,Causal Forest,256
841,20.923265246793726,Causal Forest,256
842,20.504325566810692,Causal Forest,256
843,20.417242647289402,Causal Forest,256
844,20.821448504522635,Causal Forest,256
845,20.728656867172305,Causal Forest,256
846,20.39388465344881,Causal Forest,256
847,20.649912925418672,Causal Forest,256
848,20.49837678156143,Causal Forest,256
849,20.98506624709903,Causal Forest,256
850,14.425570633958486,Causal Forest,512
851,14.79817697569331,Causal Forest,512
852,14.754107337167104,Causal Forest,512
853,14.836393831110518,Causal Forest,512
854,14.661872303593752,Causal Forest,512
855,15.515103115957096,Causal Forest,512
856,14.680880166713878,Causal Forest,512
857,14.577123383054676,Causal Forest,512
858,14.956452089433167,Causal Forest,512
859,14.573807300776522,Causal Forest,512
860,14.764013640215554,Causal Forest,512
861,15.191264656957584,Causal Forest,512
862,15.114682773008388,Causal Forest,512
863,14.24596124844855,Causal Forest,512
864,15.06236164546208,Causal Forest,512
865,14.376506053383476,Causal Forest,512
866,14.783885001288724,Causal Forest,512
867,14.751530273484919,Causal Forest,512
868,14.34955094218346,Causal Forest,512
869,14.828062067206957,Causal Forest,512
870,14.221005830279518,Causal Forest,512
871,14.535283671197702,Causal Forest,512
872,14.767204802962677,Causal Forest,512
873,14.61669255842293,Causal Forest,512
874,14.623061883004365,Causal Forest,512
875,14.852306427381023,Causal Forest,512
876,14.625223384354438,Causal Forest,512
877,14.539283170948964,Causal Forest,512
878,14.608425525081026,Causal Forest,512
879,14.72359489302597,Causal Forest,512
880,14.84355594765315,Causal Forest,512
881,15.008635043089434,Causal Forest,512
882,14.82761697439258,Causal Forest,512
883,14.903481317265083,Causal Forest,512
884,14.613099815181487,Causal Forest,512
885,14.830361676824934,Causal Forest,512
886,14.853962111405522,Causal Forest,512
887,14.741138199736541,Causal Forest,512
888,14.727852661050422,Causal Forest,512
889,15.09515527621991,Causal Forest,512
890,14.42309321669036,Causal Forest,512
891,14.780431706484706,Causal Forest,512
892,14.861346752931444,Causal Forest,512
893,14.635491340350052,Causal Forest,512
894,14.93788381656919,Causal Forest,512
895,15.278877934472948,Causal Forest,512
896,15.103159425483653,Causal Forest,512
897,15.10762663628173,Causal Forest,512
898,14.791953930759169,Causal Forest,512
899,14.67241402134258,Causal Forest,512
900,404.35694242758393,Propensity Score,2
901,1574.641151114497,Propensity Score,2
902,1826.611913065717,Propensity Score,2
903,871.1002943778283,Propensity Score,2
904,1171.6596728174577,Propensity Score,2
905,848.2814381568631,Propensity Score,2
906,26.60179893476925,Propensity Score,2
907,2010.7976817985736,Propensity Score,2
908,157.29214721551,Propensity Score,2
909,1102.3615977492,Propensity Score,2
910,175.06768073397166,Propensity Score,2
911,1851.498680177616,Propensity Score,2
912,241.8886948691586,Propensity Score,2
913,760.7342278662841,Propensity Score,2
914,268.49280465372385,Propensity Score,2
915,1105.9999727657523,Propensity Score,2
916,970.5555684661899,Propensity Score,2
917,624.8702169240966,Propensity Score,2
918,510.79075856580926,Propensity Score,2
919,850.4922465621229,Propensity Score,2
920,224.33928443264836,Propensity Score,2
921,1320.1772490502346,Propensity Score,2
922,1020.8754364175696,Propensity Score,2
923,1994.5753928649756,Propensity Score,2
924,1515.3507639113336,Propensity Score,2
925,359.0515702446614,Propensity Score,2
926,1147.4795382112643,Propensity Score,2
927,1005.2227980241261,Propensity Score,2
928,480.4185753919096,Propensity Score,2
929,1240.7174389595325,Propensity Score,2
930,752.4224634058118,Propensity Score,2
931,842.0792807678841,Propensity Score,2
932,1047.99771540397,Propensity Score,2
933,1605.314082127641,Propensity Score,2
934,78.65655841630587,Propensity Score,2
935,306.30852244731386,Propensity Score,2
936,992.8458625293601,Propensity Score,2
937,1287.3165506386556,Propensity Score,2
938,664.0089681878534,Propensity Score,2
939,1595.3877039788972,Propensity Score,2
940,739.9058805505883,Propensity Score,2
941,521.5704671470041,Propensity Score,2
942,816.4932567523975,Propensity Score,2
943,819.9277554622346,Propensity Score,2
944,1383.4448285044816,Propensity Score,2
945,1202.7161165409714,Propensity Score,2
946,605.8717680381931,Propensity Score,2
947,1123.3015920664693,Propensity Score,2
948,1840.5094605361396,Propensity Score,2
949,155.18899303323633,Propensity Score,2
950,176.41298187350606,Propensity Score,4
951,139.70159622671315,Propensity Score,4
952,270.26251592698765,Propensity Score,4
953,696.7838182155691,Propensity Score,4
954,659.7333491199998,Propensity Score,4
955,780.2897011701652,Propensity Score,4
956,1098.492741493147,Propensity Score,4
957,323.0057139521889,Propensity Score,4
958,389.71211753459806,Propensity Score,4
959,992.1714300056042,Propensity Score,4
960,661.8099352530505,Propensity Score,4
961,768.129077060008,Propensity Score,4
962,354.94961057115023,Propensity Score,4
963,242.62530290385428,Propensity Score,4
964,811.6480418759861,Propensity Score,4
965,938.8643756521774,Propensity Score,4
966,729.0941020775183,Propensity Score,4
967,780.3796383037459,Propensity Score,4
968,686.1573417749906,Propensity Score,4
969,723.1122328550351,Propensity Score,4
970,785.7713363335231,Propensity Score,4
971,1269.7408751573153,Propensity Score,4
972,833.4916014816376,Propensity Score,4
973,941.2249233063217,Propensity Score,4
974,1100.5581340529566,Propensity Score,4
975,1144.8132416826977,Propensity Score,4
976,724.080650236203,Propensity Score,4
977,850.7015171621739,Propensity Score,4
978,748.4056090651048,Propensity Score,4
979,137.62706218031815,Propensity Score,4
980,1071.5565820455593,Propensity Score,4
981,1156.329121327183,Propensity Score,4
982,521.3190910116227,Propensity Score,4
983,476.89677381332115,Propensity Score,4
984,1235.0523773183231,Propensity Score,4
985,877.4550725248668,Propensity Score,4
986,307.6926139711713,Propensity Score,4
987,608.3057578200306,Propensity Score,4
988,121.11859960487857,Propensity Score,4
989,1059.2648045097487,Propensity Score,4
990,1172.9506598446105,Propensity Score,4
991,696.1787911368539,Propensity Score,4
992,290.86333279992857,Propensity Score,4
993,521.3094958633377,Propensity Score,4
994,264.3986512215385,Propensity Score,4
995,57.89817936363738,Propensity Score,4
996,799.4747516161648,Propensity Score,4
997,714.3298476171892,Propensity Score,4
998,1936.4758419747877,Propensity Score,4
999,580.7673404767214,Propensity Score,4
1000,406.49048458258846,Propensity Score,8
1001,554.2891166899213,Propensity Score,8
1002,421.345049103669,Propensity Score,8
1003,479.1124467095492,Propensity Score,8
1004,393.96858740383834,Propensity Score,8
1005,477.2129327617654,Propensity Score,8
1006,407.92516686078045,Propensity Score,8
1007,328.46588852234646,Propensity Score,8
1008,402.75698035822813,Propensity Score,8
1009,405.2995445138495,Propensity Score,8
1010,389.62967227049216,Propensity Score,8
1011,421.0476569541765,Propensity Score,8
1012,298.99483633417094,Propensity Score,8
1013,446.11726224869045,Propensity Score,8
1014,405.9424814788809,Propensity Score,8
1015,290.4622500423193,Propensity Score,8
1016,404.6232459912203,Propensity Score,8
1017,404.23706620336196,Propensity Score,8
1018,416.80581239939966,Propensity Score,8
1019,343.8049264328197,Propensity Score,8
1020,407.40493851652633,Propensity Score,8
1021,371.9135957628283,Propensity Score,8
1022,405.37222917895105,Propensity Score,8
1023,342.96857078604637,Propensity Score,8
1024,432.8469218573139,Propensity Score,8
1025,457.38158982722223,Propensity Score,8
1026,476.69389867859644,Propensity Score,8
1027,470.84582637127096,Propensity Score,8
1028,506.00758765579644,Propensity Score,8
1029,383.9370714696732,Propensity Score,8
1030,406.19723507577487,Propensity Score,8
1031,422.9824222524688,Propensity Score,8
1032,384.4502219145443,Propensity Score,8
1033,392.38280254716494,Propensity Score,8
1034,376.2839597809375,Propensity Score,8
1035,454.76504593310375,Propensity Score,8
1036,389.2827810783894,Propensity Score,8
1037,478.1033312212471,Propensity Score,8
1038,396.09265496098544,Propensity Score,8
1039,417.91445378895736,Propensity Score,8
1040,406.76169620306445,Propensity Score,8
1041,510.99789184022427,Propensity Score,8
1042,422.5515142012863,Propensity Score,8
1043,480.6833357384818,Propensity Score,8
1044,320.73673479308604,Propensity Score,8
1045,437.89206245629316,Propensity Score,8
1046,475.1197075226663,Propensity Score,8
1047,415.408958712277,Propensity Score,8
1048,378.3683243281197,Propensity Score,8
1049,344.5584685820327,Propensity Score,8
1050,98.79047228278473,Propensity Score,32
1051,107.31149297593053,Propensity Score,32
1052,94.02020926491352,Propensity Score,32
1053,100.17865439230701,Propensity Score,32
1054,93.98669721029103,Propensity Score,32
1055,94.9443145259793,Propensity Score,32
1056,108.64902423015684,Propensity Score,32
1057,91.36877586113108,Propensity Score,32
1058,97.29367419496612,Propensity Score,32
1059,97.63899170018497,Propensity Score,32
1060,97.86893297615265,Propensity Score,32
1061,92.45596689629296,Propensity Score,32
1062,93.5083018476983,Propensity Score,32
1063,98.68759138323894,Propensity Score,32
1064,93.83083855225675,Propensity Score,32
1065,99.59584009940284,Propensity Score,32
1066,101.7236906720828,Propensity Score,32
1067,95.90095614142479,Propensity Score,32
1068,100.19143429873333,Propensity Score,32
1069,100.47794543373699,Propensity Score,32
1070,95.15948482920629,Propensity Score,32
1071,105.51098643169539,Propensity Score,32
1072,102.63378524134328,Propensity Score,32
1073,105.77155820780845,Propensity Score,32
1074,112.43089744420658,Propensity Score,32
1075,94.23167353705917,Propensity Score,32
1076,102.80631063102335,Propensity Score,32
1077,94.37122599697021,Propensity Score,32
1078,97.81035603193035,Propensity Score,32
1079,88.12961955860797,Propensity Score,32
1080,98.79506447100422,Propensity Score,32
1081,99.13327886263241,Propensity Score,32
1082,96.31326937445101,Propensity Score,32
1083,112.17494699194575,Propensity Score,32
1084,98.06006771870764,Propensity Score,32
1085,97.75162943589164,Propensity Score,32
1086,91.90780147742146,Propensity Score,32
1087,109.33465222517482,Propensity Score,32
1088,99.07138485756683,Propensity Score,32
1089,99.36646413599563,Propensity Score,32
1090,100.39423292271697,Propensity Score,32
1091,92.5428962506873,Propensity Score,32
1092,98.40774404838523,Propensity Score,32
1093,84.07506599862546,Propensity Score,32
1094,91.68895535308586,Propensity Score,32
1095,89.65573548522848,Propensity Score,32
1096,110.18938415391634,Propensity Score,32
1097,97.1092786391167,Propensity Score,32
1098,90.47799197797183,Propensity Score,32
1099,89.79517684074378,Propensity Score,32
1100,29.029903366954105,Propensity Score,256
1101,30.6118241470247,Propensity Score,256
1102,31.014178051544857,Propensity Score,256
1103,29.7503891587554,Propensity Score,256
1104,29.78672895989776,Propensity Score,256
1105,30.2692106274124,Propensity Score,256
1106,30.223654662312995,Propensity Score,256
1107,29.50286548436873,Propensity Score,256
1108,29.748186079239556,Propensity Score,256
1109,29.00248081578014,Propensity Score,256
1110,28.735403280865395,Propensity Score,256
1111,30.26597249045016,Propensity Score,256
1112,29.71382041742858,Propensity Score,256
1113,29.13664950211919,Propensity Score,256
1114,30.18613329343423,Propensity Score,256
1115,29.00300989565339,Propensity Score,256
1116,29.31082976760068,Propensity Score,256
1117,29.49943945641802,Propensity Score,256
1118,28.41317346772816,Propensity Score,256
1119,29.157026616771848,Propensity Score,256
1120,29.626833019130142,Propensity Score,256
1121,27.94684940153236,Propensity Score,256
1122,29.68911908212661,Propensity Score,256
1123,29.612598793543505,Propensity Score,256
1124,29.12662336418328,Propensity Score,256
1125,28.847981522110235,Propensity Score,256
1126,27.872842260537347,Propensity Score,256
1127,28.24110671926674,Propensity Score,256
1128,29.80689927502264,Propensity Score,256
1129,27.710809179886848,Propensity Score,256
1130,30.701176742893935,Propensity Score,256
1131,29.65871588694534,Propensity Score,256
1132,29.903086880330097,Propensity Score,256
1133,29.51603788714643,Propensity Score,256
1134,29.413654756685446,Propensity Score,256
1135,29.297014456169133,Propensity Score,256
1136,30.93164507302641,Propensity Score,256
1137,29.81706197549527,Propensity Score,256
1138,29.87962175335927,Propensity Score,256
1139,29.142310086620142,Propensity Score,256
1140,28.879240311389992,Propensity Score,256
1141,28.861199888110797,Propensity Score,256
1142,28.859244907611618,Propensity Score,256
1143,29.401948668917576,Propensity Score,256
1144,30.21905149288872,Propensity Score,256
1145,28.304600919536746,Propensity Score,256
1146,29.974066357316932,Propensity Score,256
1147,28.402607194302572,Propensity Score,256
1148,31.084932842358388,Propensity Score,256
1149,28.19688531097971,Propensity Score,256
1150,20.989087310271405,Propensity Score,512
1151,22.065222466203302,Propensity Score,512
1152,21.555150952996364,Propensity Score,512
1153,21.25157312096643,Propensity Score,512
1154,22.094174174495464,Propensity Score,512
1155,20.886567306519442,Propensity Score,512
1156,21.36509447260153,Propensity Score,512
1157,21.387876461849725,Propensity Score,512
1158,21.553414115290337,Propensity Score,512
1159,21.510909091684127,Propensity Score,512
1160,20.621628208318207,Propensity Score,512
1161,21.80620511447942,Propensity Score,512
1162,21.04900431791811,Propensity Score,512
1163,21.21566444215104,Propensity Score,512
1164,21.24620610803285,Propensity Score,512
1165,21.61440877025686,Propensity Score,512
1166,21.133590152921798,Propensity Score,512
1167,21.391829238956984,Propensity Score,512
1168,21.21427802507826,Propensity Score,512
1169,20.45174427883721,Propensity Score,512
1170,21.251984283754776,Propensity Score,512
1171,21.45673224700137,Propensity Score,512
1172,21.664897626763086,Propensity Score,512
1173,21.074129828946912,Propensity Score,512
1174,21.215479428068473,Propensity Score,512
1175,21.522377318728136,Propensity Score,512
1176,21.36262712156289,Propensity Score,512
1177,21.76827900607347,Propensity Score,512
1178,20.95521776811525,Propensity Score,512
1179,20.562903478529392,Propensity Score,512
1180,21.216169877995167,Propensity Score,512
1181,21.679680305506174,Propensity Score,512
1182,21.787025264020954,Propensity Score,512
1183,21.662507045869745,Propensity Score,512
1184,21.57384363468628,Propensity Score,512
1185,21.439992319892518,Propensity Score,512
1186,21.500448669162715,Propensity Score,512
1187,21.560453641196297,Propensity Score,512
1188,21.48815027597341,Propensity Score,512
1189,21.088962658096495,Propensity Score,512
1190,21.684910769051413,Propensity Score,512
1191,21.212520806217114,Propensity Score,512
1192,20.822738509671318,Propensity Score,512
1193,21.558686619960003,Propensity Score,512
1194,21.38706153254148,Propensity Score,512
1195,21.839328437550037,Propensity Score,512
1196,21.380643323149553,Propensity Score,512
1197,20.96909126941312,Propensity Score,512
1198,21.00702556848472,Propensity Score,512
1199,20.707311322943085,Propensity Score,512
1200,146.5674886992618,Prognostic Score,2
1201,93.90635704274402,Prognostic Score,2
1202,150.37033576482918,Prognostic Score,2
1203,62.99649364101005,Prognostic Score,2
1204,68.91208850666709,Prognostic Score,2
1205,86.21131317035295,Prognostic Score,2
1206,82.93168686016705,Prognostic Score,2
1207,162.80254073903745,Prognostic Score,2
1208,50.126638023916655,Prognostic Score,2
1209,65.11951771068199,Prognostic Score,2
1210,109.20254086242393,Prognostic Score,2
1211,147.93308189944977,Prognostic Score,2
1212,90.50161020882182,Prognostic Score,2
1213,92.7705632809791,Prognostic Score,2
1214,177.7094196852589,Prognostic Score,2
1215,167.81467958488852,Prognostic Score,2
1216,154.27657317939313,Prognostic Score,2
1217,5.901965879868712,Prognostic Score,2
1218,131.87455039096582,Prognostic Score,2
1219,181.6661313523714,Prognostic Score,2
1220,68.08182499100133,Prognostic Score,2
1221,161.00719533540362,Prognostic Score,2
1222,115.41519779994945,Prognostic Score,2
1223,145.93192469297387,Prognostic Score,2
1224,83.47287504640789,Prognostic Score,2
1225,4.801787300348636,Prognostic Score,2
1226,99.16258318877352,Prognostic Score,2
1227,122.01299411108536,Prognostic Score,2
1228,155.15179717192626,Prognostic Score,2
1229,69.97878027946987,Prognostic Score,2
1230,95.90253978976726,Prognostic Score,2
1231,89.99929527581193,Prognostic Score,2
1232,134.96800919253363,Prognostic Score,2
1233,185.56078395465371,Prognostic Score,2
1234,150.67941795697197,Prognostic Score,2
1235,7.44353514641405,Prognostic Score,2
1236,154.64228265687177,Prognostic Score,2
1237,81.82089607328562,Prognostic Score,2
1238,8.685644735831858,Prognostic Score,2
1239,117.61122361482387,Prognostic Score,2
1240,43.75161681387671,Prognostic Score,2
1241,142.20401418389966,Prognostic Score,2
1242,121.13857216880518,Prognostic Score,2
1243,67.63207957218827,Prognostic Score,2
1244,23.884602371604146,Prognostic Score,2
1245,180.6691045007973,Prognostic Score,2
1246,118.86032873867686,Prognostic Score,2
1247,106.4629949885105,Prognostic Score,2
1248,81.36824255361007,Prognostic Score,2
1249,30.788949612415664,Prognostic Score,2
1250,112.19894729823216,Prognostic Score,4
1251,102.05639031800955,Prognostic Score,4
1252,162.09851663748682,Prognostic Score,4
1253,250.7143174958825,Prognostic Score,4
1254,151.7338865487129,Prognostic Score,4
1255,229.2065131843367,Prognostic Score,4
1256,50.889486175819954,Prognostic Score,4
1257,105.92645415500459,Prognostic Score,4
1258,67.65973593033667,Prognostic Score,4
1259,120.47140114732835,Prognostic Score,4
1260,124.18990703251109,Prognostic Score,4
1261,53.362016390883454,Prognostic Score,4
1262,55.50564450141778,Prognostic Score,4
1263,168.36774432009372,Prognostic Score,4
1264,170.89570477383728,Prognostic Score,4
1265,81.06986712979965,Prognostic Score,4
1266,130.31507192309192,Prognostic Score,4
1267,165.16436931458242,Prognostic Score,4
1268,134.04715829230554,Prognostic Score,4
1269,122.04319850727214,Prognostic Score,4
1270,140.61941608058905,Prognostic Score,4
1271,178.8409205690439,Prognostic Score,4
1272,162.67588744761392,Prognostic Score,4
1273,56.328639656429665,Prognostic Score,4
1274,195.65622108493108,Prognostic Score,4
1275,38.221555929609934,Prognostic Score,4
1276,175.1370211275116,Prognostic Score,4
1277,80.6495482844816,Prognostic Score,4
1278,91.38113063420222,Prognostic Score,4
1279,131.3037447091682,Prognostic Score,4
1280,123.82281864248299,Prognostic Score,4
1281,103.1619847941217,Prognostic Score,4
1282,215.2704301257602,Prognostic Score,4
1283,131.09465592190125,Prognostic Score,4
1284,164.9591061003806,Prognostic Score,4
1285,98.93227279926167,Prognostic Score,4
1286,115.72504676329845,Prognostic Score,4
1287,144.89070708931504,Prognostic Score,4
1288,92.53864243616162,Prognostic Score,4
1289,149.52472970021338,Prognostic Score,4
1290,109.66762405884259,Prognostic Score,4
1291,101.23490344084563,Prognostic Score,4
1292,127.0782025259075,Prognostic Score,4
1293,122.63714222350852,Prognostic Score,4
1294,30.99612161553469,Prognostic Score,4
1295,168.257123197003,Prognostic Score,4
1296,154.80303267746427,Prognostic Score,4
1297,41.41301954805418,Prognostic Score,4
1298,101.63486157845189,Prognostic Score,4
1299,141.37771991864113,Prognostic Score,4
1300,105.75342196284787,Prognostic Score,8
1301,112.4416659751273,Prognostic Score,8
1302,122.81395131522804,Prognostic Score,8
1303,114.04012913920093,Prognostic Score,8
1304,114.9362000186801,Prognostic Score,8
1305,123.52861113464184,Prognostic Score,8
1306,79.519009672871,Prognostic Score,8
1307,100.2125354204279,Prognostic Score,8
1308,111.96616264276228,Prognostic Score,8
1309,86.13068180316833,Prognostic Score,8
1310,104.66563073647276,Prognostic Score,8
1311,127.66339236697536,Prognostic Score,8
1312,80.94559043916217,Prognostic Score,8
1313,95.34208656684788,Prognostic Score,8
1314,73.93232690766649,Prognostic Score,8
1315,91.58830072561531,Prognostic Score,8
1316,109.31644838060753,Prognostic Score,8
1317,94.91429751976824,Prognostic Score,8
1318,75.49024566873022,Prognostic Score,8
1319,79.33876633943939,Prognostic Score,8
1320,108.64778250047054,Prognostic Score,8
1321,98.34545495926739,Prognostic Score,8
1322,132.3468624334704,Prognostic Score,8
1323,131.71142572104063,Prognostic Score,8
1324,107.50435496492321,Prognostic Score,8
1325,83.36338713554768,Prognostic Score,8
1326,108.65453375669466,Prognostic Score,8
1327,91.57226274652551,Prognostic Score,8
1328,96.67827968139277,Prognostic Score,8
1329,132.9287407764311,Prognostic Score,8
1330,98.270802312937,Prognostic Score,8
1331,97.65938987960826,Prognostic Score,8
1332,98.02299041825648,Prognostic Score,8
1333,117.9249888799936,Prognostic Score,8
1334,93.95368824680095,Prognostic Score,8
1335,111.03286944350064,Prognostic Score,8
1336,90.87497618963148,Prognostic Score,8
1337,83.45408599821405,Prognostic Score,8
1338,92.68033809091249,Prognostic Score,8
1339,130.2690439424753,Prognostic Score,8
1340,78.55170056903876,Prognostic Score,8
1341,92.25299600803348,Prognostic Score,8
1342,98.44212802809702,Prognostic Score,8
1343,100.78721141933764,Prognostic Score,8
1344,92.68084453128019,Prognostic Score,8
1345,89.29842266564262,Prognostic Score,8
1346,108.90867554523072,Prognostic Score,8
1347,93.12987228893162,Prognostic Score,8
1348,119.52269253709778,Prognostic Score,8
1349,118.20178601830654,Prognostic Score,8
1350,36.875946936812994,Prognostic Score,32
1351,37.64888641434738,Prognostic Score,32
1352,32.88310335974743,Prognostic Score,32
1353,41.10664358397821,Prognostic Score,32
1354,36.933534800292655,Prognostic Score,32
1355,35.46533460797266,Prognostic Score,32
1356,38.85694036101214,Prognostic Score,32
1357,35.31439980899082,Prognostic Score,32
1358,41.02402983865531,Prognostic Score,32
1359,36.077447360425495,Prognostic Score,32
1360,36.01606632923739,Prognostic Score,32
1361,34.69092249736571,Prognostic Score,32
1362,32.65004411518645,Prognostic Score,32
1363,39.62261471685063,Prognostic Score,32
1364,36.248901222310664,Prognostic Score,32
1365,28.766670064074102,Prognostic Score,32
1366,41.808173557484395,Prognostic Score,32
1367,35.35146980396669,Prognostic Score,32
1368,35.85604454722785,Prognostic Score,32
1369,35.962866136445214,Prognostic Score,32
1370,35.35372009131372,Prognostic Score,32
1371,39.78103049861319,Prognostic Score,32
1372,42.117929307292556,Prognostic Score,32
1373,36.36123498891952,Prognostic Score,32
1374,36.47410174828549,Prognostic Score,32
1375,30.839884318555107,Prognostic Score,32
1376,35.25225880928082,Prognostic Score,32
1377,42.20684568920031,Prognostic Score,32
1378,36.56664469291747,Prognostic Score,32
1379,38.31977775969863,Prognostic Score,32
1380,29.8017049038478,Prognostic Score,32
1381,44.17325654109137,Prognostic Score,32
1382,36.19986540925795,Prognostic Score,32
1383,30.144271878618028,Prognostic Score,32
1384,41.98107862019447,Prognostic Score,32
1385,42.434183321625994,Prognostic Score,32
1386,31.545379862252766,Prognostic Score,32
1387,33.185339751779324,Prognostic Score,32
1388,36.11896593911468,Prognostic Score,32
1389,36.41238762331598,Prognostic Score,32
1390,38.81938175900629,Prognostic Score,32
1391,34.3863863549133,Prognostic Score,32
1392,32.8066891635203,Prognostic Score,32
1393,26.64002792457422,Prognostic Score,32
1394,33.32248490522519,Prognostic Score,32
1395,31.411207764993456,Prognostic Score,32
1396,43.85680710663175,Prognostic Score,32
1397,35.77386390983308,Prognostic Score,32
1398,37.96665380006366,Prognostic Score,32
1399,42.89236008301567,Prognostic Score,32
1400,12.772191308511275,Prognostic Score,256
1401,11.856461530050883,Prognostic Score,256
1402,11.42267255203614,Prognostic Score,256
1403,11.354633901849342,Prognostic Score,256
1404,11.6196475784078,Prognostic Score,256
1405,12.2212910645254,Prognostic Score,256
1406,11.720433494507883,Prognostic Score,256
1407,11.514988458217768,Prognostic Score,256
1408,12.060440204033226,Prognostic Score,256
1409,11.906523530270297,Prognostic Score,256
1410,12.540943060542977,Prognostic Score,256
1411,12.363725540690952,Prognostic Score,256
1412,11.44467336215481,Prognostic Score,256
1413,11.929192586612704,Prognostic Score,256
1414,12.196366155924233,Prognostic Score,256
1415,12.087899606349911,Prognostic Score,256
1416,12.003456775965383,Prognostic Score,256
1417,11.244670704876262,Prognostic Score,256
1418,12.573663818214753,Prognostic Score,256
1419,11.946958512714243,Prognostic Score,256
1420,13.315227318975278,Prognostic Score,256
1421,12.473479698167756,Prognostic Score,256
1422,11.610931272497458,Prognostic Score,256
1423,12.212692792102398,Prognostic Score,256
1424,11.322005065107682,Prognostic Score,256
1425,12.697403557910112,Prognostic Score,256
1426,11.828048373148377,Prognostic Score,256
1427,11.991224516018882,Prognostic Score,256
1428,12.464621581160445,Prognostic Score,256
1429,11.828157190264404,Prognostic Score,256
1430,12.272111211229527,Prognostic Score,256
1431,11.74240021976228,Prognostic Score,256
1432,12.301306258043468,Prognostic Score,256
1433,11.674510495053614,Prognostic Score,256
1434,11.68407566772975,Prognostic Score,256
1435,11.594582710415608,Prognostic Score,256
1436,12.278867020673559,Prognostic Score,256
1437,11.129877698981955,Prognostic Score,256
1438,11.675592652796782,Prognostic Score,256
1439,12.424367928325333,Prognostic Score,256
1440,11.863504834333467,Prognostic Score,256
1441,10.786809387161465,Prognostic Score,256
1442,11.674601419871719,Prognostic Score,256
1443,11.041985004822669,Prognostic Score,256
1444,11.448248981064221,Prognostic Score,256
1445,10.936580100485552,Prognostic Score,256
1446,11.651933625415545,Prognostic Score,256
1447,11.471307765175805,Prognostic Score,256
1448,11.61873941541462,Prognostic Score,256
1449,12.675283013801366,Prognostic Score,256
1450,7.142598471535912,Prognostic Score,512
1451,8.04043066807785,Prognostic Score,512
1452,8.791994275644548,Prognostic Score,512
1453,8.991621151995073,Prognostic Score,512
1454,9.120177024387063,Prognostic Score,512
1455,7.532702376677597,Prognostic Score,512
1456,8.610179802593018,Prognostic Score,512
1457,8.58764940507551,Prognostic Score,512
1458,9.059904836027627,Prognostic Score,512
1459,8.479623016006586,Prognostic Score,512
1460,8.537986427202354,Prognostic Score,512
1461,8.557962527163445,Prognostic Score,512
1462,8.948498988550401,Prognostic Score,512
1463,9.141043157053293,Prognostic Score,512
1464,8.634960809871446,Prognostic Score,512
1465,8.148365543196032,Prognostic Score,512
1466,7.772518111643162,Prognostic Score,512
1467,8.845647565712616,Prognostic Score,512
1468,8.961149491428516,Prognostic Score,512
1469,7.994851274773614,Prognostic Score,512
1470,8.420254840423944,Prognostic Score,512
1471,8.711541602909362,Prognostic Score,512
1472,8.865097431562575,Prognostic Score,512
1473,7.887818045139167,Prognostic Score,512
1474,7.744433512897414,Prognostic Score,512
1475,8.102672519742926,Prognostic Score,512
1476,8.280946217708452,Prognostic Score,512
1477,8.991213670461896,Prognostic Score,512
1478,8.854374682417328,Prognostic Score,512
1479,7.4831764548368085,Prognostic Score,512
1480,8.297625503343472,Prognostic Score,512
1481,8.613641424193645,Prognostic Score,512
1482,8.47169322122417,Prognostic Score,512
1483,8.188738874143903,Prognostic Score,512
1484,8.789689866737865,Prognostic Score,512
1485,8.589189452530192,Prognostic Score,512
1486,8.829598814658393,Prognostic Score,512
1487,8.155389980236095,Prognostic Score,512
1488,8.629505542955519,Prognostic Score,512
1489,8.725671711516933,Prognostic Score,512
1490,8.4867078582659,Prognostic Score,512
1491,8.599822331638991,Prognostic Score,512
1492,8.086617048625566,Prognostic Score,512
1493,8.810613387993191,Prognostic Score,512
1494,8.36101481142644,Prognostic Score,512
1495,8.500269588299942,Prognostic Score,512
1496,8.244937875541638,Prognostic Score,512
1497,8.47189578694461,Prognostic Score,512
1498,9.236555561758937,Prognostic Score,512
1499,8.912544697318411,Prognostic Score,512
